character_name,equipment_set,wins,losses,winrate,is_boss
AceAL,"[('1987', 4)]",127,94,57.466063348416284,False
AceAL,"[('7891', 4)]",108,119,47.57709251101321,False
AceAL,"[('Arasaka', 4)]",125,105,54.347826086956516,False
AceAL,"[('Armydesert', 4)]",109,108,50.23041474654379,False
AceAL,"[('Armygreen', 4)]",112,111,50.224215246636774,False
AceAL,"[('Bamboo', 4)]",122,105,53.74449339207048,False
AceAL,"[('Cloud', 4)]",118,118,50.0,False
AceAL,"[('Cosmic', 4)]",110,130,45.83333333333333,False
AceAL,"[('Dawn', 4)]",92,142,39.31623931623932,False
AceAL,"[('Flute', 4)]",108,103,51.18483412322274,False
AceAL,"[('Freight', 4)]",143,92,60.851063829787236,False
AceAL,"[('Grassland', 4)]",110,120,47.82608695652174,False
AceAL,"[('KangTao', 4)]",123,102,54.666666666666664,False
AceAL,"[('Liquidation', 4)]",107,98,52.19512195121951,False
AceAL,"[('Militech', 4)]",103,120,46.18834080717489,False
AceAL,"[('NUSA', 4)]",103,119,46.3963963963964,False
AceAL,"[('Newspaper', 4)]",118,107,52.44444444444445,False
AceAL,"[('OldRusty', 4)]",121,123,49.59016393442623,False
AceAL,"[('Purplestar', 4)]",92,113,44.87804878048781,False
AceAL,"[('Rainbow', 4)]",124,114,52.10084033613446,False
AceAL,"[('Rose', 4)]",92,112,45.09803921568628,False
AceAL,"[('Runic', 4)]",122,109,52.81385281385281,False
AceAL,"[('Snowflake', 4)]",116,116,50.0,False
AceAL,"[('Sovereign', 4)]",97,118,45.11627906976744,False
AceAL,"[('Tigris', 4)]",128,107,54.46808510638298,False
Ace,"[('1987', 4)]",112,126,47.05882352941176,False
Ace,"[('7891', 4)]",138,112,55.2,False
Ace,"[('Arasaka', 4)]",107,115,48.1981981981982,False
Ace,"[('Armydesert', 4)]",127,114,52.69709543568465,False
Ace,"[('Armygreen', 4)]",112,107,51.141552511415526,False
Ace,"[('Bamboo', 4)]",104,129,44.63519313304721,False
Ace,"[('Cloud', 4)]",108,108,50.0,False
Ace,"[('Cosmic', 4)]",109,127,46.186440677966104,False
Ace,"[('Dawn', 4)]",105,104,50.23923444976076,False
Ace,"[('Flute', 4)]",87,102,46.03174603174603,False
Ace,"[('Freight', 4)]",105,103,50.480769230769226,False
Ace,"[('Grassland', 4)]",111,125,47.03389830508475,False
Ace,"[('KangTao', 4)]",109,119,47.80701754385965,False
Ace,"[('Liquidation', 4)]",127,115,52.47933884297521,False
Ace,"[('Militech', 4)]",91,118,43.54066985645933,False
Ace,"[('NUSA', 4)]",115,127,47.5206611570248,False
Ace,"[('Newspaper', 4)]",101,100,50.24875621890548,False
Ace,"[('OldRusty', 4)]",106,102,50.96153846153846,False
Ace,"[('Purplestar', 4)]",129,124,50.988142292490124,False
Ace,"[('Rainbow', 4)]",119,113,51.293103448275865,False
Ace,"[('Rose', 4)]",101,103,49.50980392156863,False
Ace,"[('Runic', 4)]",131,112,53.90946502057613,False
Ace,"[('Snowflake', 4)]",100,116,46.2962962962963,False
Ace,"[('Sovereign', 4)]",109,106,50.697674418604656,False
Ace,"[('Tigris', 4)]",93,130,41.70403587443946,False
April,"[('1987', 4)]",111,104,51.627906976744185,False
April,"[('7891', 4)]",120,89,57.41626794258373,False
April,"[('Arasaka', 4)]",115,120,48.93617021276596,False
April,"[('Armydesert', 4)]",108,118,47.78761061946903,False
April,"[('Armygreen', 4)]",112,105,51.61290322580645,False
April,"[('Bamboo', 4)]",115,111,50.88495575221239,False
April,"[('Cloud', 4)]",105,124,45.851528384279476,False
April,"[('Cosmic', 4)]",96,122,44.03669724770643,False
April,"[('Dawn', 4)]",129,104,55.36480686695279,False
April,"[('Flute', 4)]",132,98,57.391304347826086,False
April,"[('Freight', 4)]",125,118,51.440329218106996,False
April,"[('Grassland', 4)]",109,117,48.23008849557522,False
April,"[('KangTao', 4)]",101,98,50.753768844221106,False
April,"[('Liquidation', 4)]",103,126,44.97816593886463,False
April,"[('Militech', 4)]",99,129,43.42105263157895,False
April,"[('NUSA', 4)]",129,97,57.07964601769911,False
April,"[('Newspaper', 4)]",109,100,52.15311004784689,False
April,"[('OldRusty', 4)]",102,108,48.57142857142857,False
April,"[('Purplestar', 4)]",101,99,50.5,False
April,"[('Rainbow', 4)]",104,126,45.21739130434783,False
April,"[('Rose', 4)]",125,124,50.20080321285141,False
April,"[('Runic', 4)]",129,125,50.78740157480315,False
April,"[('Snowflake', 4)]",110,108,50.45871559633027,False
April,"[('Sovereign', 4)]",123,100,55.15695067264574,False
April,"[('Tigris', 4)]",107,104,50.71090047393365,False
Beacon,"[('1987', 4)]",93,109,46.03960396039604,False
Beacon,"[('7891', 4)]",109,104,51.173708920187785,False
Beacon,"[('Arasaka', 4)]",102,123,45.33333333333333,False
Beacon,"[('Armydesert', 4)]",93,119,43.86792452830189,False
Beacon,"[('Armygreen', 4)]",99,139,41.596638655462186,False
Beacon,"[('Bamboo', 4)]",100,101,49.75124378109453,False
Beacon,"[('Cloud', 4)]",93,123,43.05555555555556,False
Beacon,"[('Cosmic', 4)]",99,99,50.0,False
Beacon,"[('Dawn', 4)]",86,109,44.1025641025641,False
Beacon,"[('Flute', 4)]",117,124,48.54771784232365,False
Beacon,"[('Freight', 4)]",101,106,48.792270531400966,False
Beacon,"[('Grassland', 4)]",97,116,45.539906103286384,False
Beacon,"[('KangTao', 4)]",88,108,44.89795918367347,False
Beacon,"[('Liquidation', 4)]",101,114,46.97674418604651,False
Beacon,"[('Militech', 4)]",106,106,50.0,False
Beacon,"[('NUSA', 4)]",107,120,47.136563876651984,False
Beacon,"[('Newspaper', 4)]",93,119,43.86792452830189,False
Beacon,"[('OldRusty', 4)]",104,108,49.056603773584904,False
Beacon,"[('Purplestar', 4)]",115,115,50.0,False
Beacon,"[('Rainbow', 4)]",95,100,48.717948717948715,False
Beacon,"[('Rose', 4)]",92,97,48.67724867724868,False
Beacon,"[('Runic', 4)]",100,123,44.843049327354265,False
Beacon,"[('Snowflake', 4)]",99,134,42.48927038626609,False
Beacon,"[('Sovereign', 4)]",100,120,45.45454545454545,False
Beacon,"[('Tigris', 4)]",98,120,44.95412844036697,False
Bell,"[('1987', 4)]",93,104,47.20812182741117,False
Bell,"[('7891', 4)]",106,139,43.26530612244898,False
Bell,"[('Arasaka', 4)]",115,130,46.93877551020408,False
Bell,"[('Armydesert', 4)]",111,135,45.1219512195122,False
Bell,"[('Armygreen', 4)]",121,107,53.07017543859649,False
Bell,"[('Bamboo', 4)]",105,100,51.21951219512195,False
Bell,"[('Cloud', 4)]",93,143,39.40677966101695,False
Bell,"[('Cosmic', 4)]",99,117,45.83333333333333,False
Bell,"[('Dawn', 4)]",110,116,48.67256637168141,False
Bell,"[('Flute', 4)]",118,98,54.629629629629626,False
Bell,"[('Freight', 4)]",113,143,44.140625,False
Bell,"[('Grassland', 4)]",101,120,45.70135746606335,False
Bell,"[('KangTao', 4)]",100,132,43.103448275862064,False
Bell,"[('Liquidation', 4)]",114,143,44.3579766536965,False
Bell,"[('Militech', 4)]",106,125,45.887445887445885,False
Bell,"[('NUSA', 4)]",107,100,51.690821256038646,False
Bell,"[('Newspaper', 4)]",117,120,49.36708860759494,False
Bell,"[('OldRusty', 4)]",120,124,49.18032786885246,False
Bell,"[('Purplestar', 4)]",101,126,44.49339207048458,False
Bell,"[('Rainbow', 4)]",108,123,46.75324675324675,False
Bell,"[('Rose', 4)]",115,127,47.5206611570248,False
Bell,"[('Runic', 4)]",110,106,50.92592592592593,False
Bell,"[('Snowflake', 4)]",97,101,48.98989898989899,False
Bell,"[('Sovereign', 4)]",124,96,56.36363636363636,False
Bell,"[('Tigris', 4)]",98,118,45.370370370370374,False
Brandon,"[('1987', 4)]",124,93,57.14285714285714,False
Brandon,"[('7891', 4)]",117,90,56.52173913043478,False
Brandon,"[('Arasaka', 4)]",103,103,50.0,False
Brandon,"[('Armydesert', 4)]",140,102,57.85123966942148,False
Brandon,"[('Armygreen', 4)]",108,88,55.10204081632652,False
Brandon,"[('Bamboo', 4)]",111,105,51.388888888888886,False
Brandon,"[('Cloud', 4)]",128,105,54.93562231759657,False
Brandon,"[('Cosmic', 4)]",123,108,53.246753246753244,False
Brandon,"[('Dawn', 4)]",110,110,50.0,False
Brandon,"[('Flute', 4)]",127,103,55.21739130434783,False
Brandon,"[('Freight', 4)]",111,130,46.058091286307054,False
Brandon,"[('Grassland', 4)]",104,99,51.231527093596064,False
Brandon,"[('KangTao', 4)]",135,101,57.20338983050848,False
Brandon,"[('Liquidation', 4)]",128,91,58.44748858447488,False
Brandon,"[('Militech', 4)]",123,85,59.13461538461539,False
Brandon,"[('NUSA', 4)]",132,92,58.92857142857143,False
Brandon,"[('Newspaper', 4)]",107,117,47.767857142857146,False
Brandon,"[('OldRusty', 4)]",108,109,49.76958525345622,False
Brandon,"[('Purplestar', 4)]",123,111,52.56410256410257,False
Brandon,"[('Rainbow', 4)]",124,88,58.490566037735846,False
Brandon,"[('Rose', 4)]",107,108,49.76744186046512,False
Brandon,"[('Runic', 4)]",130,99,56.76855895196506,False
Brandon,"[('Snowflake', 4)]",140,110,56.00000000000001,False
Brandon,"[('Sovereign', 4)]",139,95,59.401709401709404,False
Brandon,"[('Tigris', 4)]",115,105,52.27272727272727,False
Cate,"[('1987', 4)]",126,94,57.27272727272727,False
Cate,"[('7891', 4)]",129,120,51.80722891566265,False
Cate,"[('Arasaka', 4)]",113,111,50.44642857142857,False
Cate,"[('Armydesert', 4)]",131,109,54.58333333333333,False
Cate,"[('Armygreen', 4)]",136,88,60.71428571428571,False
Cate,"[('Bamboo', 4)]",139,93,59.91379310344828,False
Cate,"[('Cloud', 4)]",125,126,49.800796812749006,False
Cate,"[('Cosmic', 4)]",123,93,56.94444444444444,False
Cate,"[('Dawn', 4)]",144,120,54.54545454545454,False
Cate,"[('Flute', 4)]",127,107,54.27350427350427,False
Cate,"[('Freight', 4)]",115,100,53.48837209302325,False
Cate,"[('Grassland', 4)]",95,111,46.116504854368934,False
Cate,"[('KangTao', 4)]",132,91,59.19282511210763,False
Cate,"[('Liquidation', 4)]",139,82,62.89592760180995,False
Cate,"[('Militech', 4)]",119,114,51.072961373390555,False
Cate,"[('NUSA', 4)]",125,119,51.229508196721305,False
Cate,"[('Newspaper', 4)]",139,103,57.438016528925615,False
Cate,"[('OldRusty', 4)]",137,91,60.08771929824561,False
Cate,"[('Purplestar', 4)]",133,101,56.837606837606835,False
Cate,"[('Rainbow', 4)]",119,98,54.83870967741935,False
Cate,"[('Rose', 4)]",97,104,48.258706467661696,False
Cate,"[('Runic', 4)]",133,95,58.333333333333336,False
Cate,"[('Snowflake', 4)]",101,97,51.010101010101,False
Cate,"[('Sovereign', 4)]",125,93,57.3394495412844,False
Cate,"[('Tigris', 4)]",128,101,55.895196506550214,False
Cattee,"[('1987', 4)]",121,112,51.931330472103,False
Cattee,"[('7891', 4)]",111,109,50.45454545454545,False
Cattee,"[('Arasaka', 4)]",97,99,49.48979591836735,False
Cattee,"[('Armydesert', 4)]",113,110,50.672645739910315,False
Cattee,"[('Armygreen', 4)]",131,101,56.46551724137932,False
Cattee,"[('Bamboo', 4)]",108,81,57.14285714285714,False
Cattee,"[('Cloud', 4)]",114,123,48.10126582278481,False
Cattee,"[('Cosmic', 4)]",101,119,45.909090909090914,False
Cattee,"[('Dawn', 4)]",116,107,52.01793721973094,False
Cattee,"[('Flute', 4)]",112,103,52.093023255813954,False
Cattee,"[('Freight', 4)]",129,102,55.84415584415584,False
Cattee,"[('Grassland', 4)]",113,108,51.13122171945701,False
Cattee,"[('KangTao', 4)]",114,115,49.78165938864629,False
Cattee,"[('Liquidation', 4)]",124,95,56.62100456621004,False
Cattee,"[('Militech', 4)]",112,121,48.06866952789699,False
Cattee,"[('NUSA', 4)]",130,87,59.907834101382484,False
Cattee,"[('Newspaper', 4)]",124,116,51.66666666666667,False
Cattee,"[('OldRusty', 4)]",124,95,56.62100456621004,False
Cattee,"[('Purplestar', 4)]",120,115,51.06382978723404,False
Cattee,"[('Rainbow', 4)]",123,114,51.89873417721519,False
Cattee,"[('Rose', 4)]",107,107,50.0,False
Cattee,"[('Runic', 4)]",125,115,52.083333333333336,False
Cattee,"[('Snowflake', 4)]",117,98,54.418604651162795,False
Cattee,"[('Sovereign', 4)]",131,94,58.22222222222222,False
Cattee,"[('Tigris', 4)]",114,109,51.12107623318386,False
CerberusLT,"[('1987', 4)]",101,107,48.55769230769231,False
CerberusLT,"[('7891', 4)]",124,108,53.44827586206896,False
CerberusLT,"[('Arasaka', 4)]",120,104,53.57142857142857,False
CerberusLT,"[('Armydesert', 4)]",98,134,42.241379310344826,False
CerberusLT,"[('Armygreen', 4)]",123,118,51.037344398340245,False
CerberusLT,"[('Bamboo', 4)]",123,126,49.39759036144578,False
CerberusLT,"[('Cloud', 4)]",102,122,45.535714285714285,False
CerberusLT,"[('Cosmic', 4)]",120,108,52.63157894736842,False
CerberusLT,"[('Dawn', 4)]",98,100,49.494949494949495,False
CerberusLT,"[('Flute', 4)]",103,114,47.465437788018434,False
CerberusLT,"[('Freight', 4)]",113,88,56.21890547263681,False
CerberusLT,"[('Grassland', 4)]",113,150,42.96577946768061,False
CerberusLT,"[('KangTao', 4)]",110,122,47.41379310344828,False
CerberusLT,"[('Liquidation', 4)]",122,110,52.58620689655172,False
CerberusLT,"[('Militech', 4)]",111,124,47.23404255319149,False
CerberusLT,"[('NUSA', 4)]",123,101,54.91071428571429,False
CerberusLT,"[('Newspaper', 4)]",104,116,47.27272727272727,False
CerberusLT,"[('OldRusty', 4)]",100,113,46.948356807511736,False
CerberusLT,"[('Purplestar', 4)]",89,103,46.35416666666667,False
CerberusLT,"[('Rainbow', 4)]",109,131,45.416666666666664,False
CerberusLT,"[('Rose', 4)]",96,96,50.0,False
CerberusLT,"[('Runic', 4)]",118,118,50.0,False
CerberusLT,"[('Snowflake', 4)]",135,89,60.26785714285714,False
CerberusLT,"[('Sovereign', 4)]",95,115,45.23809523809524,False
CerberusLT,"[('Tigris', 4)]",121,107,53.07017543859649,False
Cerberus,"[('1987', 4)]",113,97,53.80952380952381,False
Cerberus,"[('7891', 4)]",109,96,53.170731707317074,False
Cerberus,"[('Arasaka', 4)]",119,93,56.132075471698116,False
Cerberus,"[('Armydesert', 4)]",106,102,50.96153846153846,False
Cerberus,"[('Armygreen', 4)]",140,101,58.09128630705395,False
Cerberus,"[('Bamboo', 4)]",100,101,49.75124378109453,False
Cerberus,"[('Cloud', 4)]",118,116,50.427350427350426,False
Cerberus,"[('Cosmic', 4)]",106,119,47.11111111111111,False
Cerberus,"[('Dawn', 4)]",130,115,53.06122448979592,False
Cerberus,"[('Flute', 4)]",117,98,54.418604651162795,False
Cerberus,"[('Freight', 4)]",121,102,54.26008968609865,False
Cerberus,"[('Grassland', 4)]",120,110,52.17391304347826,False
Cerberus,"[('KangTao', 4)]",106,113,48.401826484018265,False
Cerberus,"[('Liquidation', 4)]",98,102,49.0,False
Cerberus,"[('Militech', 4)]",97,107,47.549019607843135,False
Cerberus,"[('NUSA', 4)]",124,87,58.767772511848335,False
Cerberus,"[('Newspaper', 4)]",109,121,47.391304347826086,False
Cerberus,"[('OldRusty', 4)]",103,123,45.57522123893805,False
Cerberus,"[('Purplestar', 4)]",125,102,55.06607929515418,False
Cerberus,"[('Rainbow', 4)]",111,132,45.67901234567901,False
Cerberus,"[('Rose', 4)]",112,110,50.45045045045045,False
Cerberus,"[('Runic', 4)]",118,108,52.21238938053098,False
Cerberus,"[('Snowflake', 4)]",114,113,50.22026431718062,False
Cerberus,"[('Sovereign', 4)]",115,96,54.502369668246445,False
Cerberus,"[('Tigris', 4)]",94,117,44.54976303317535,False
CheiHW,"[('1987', 4)]",122,94,56.481481481481474,False
CheiHW,"[('7891', 4)]",122,114,51.69491525423729,False
CheiHW,"[('Arasaka', 4)]",121,115,51.271186440677965,False
CheiHW,"[('Armydesert', 4)]",118,111,51.52838427947598,False
CheiHW,"[('Armygreen', 4)]",124,88,58.490566037735846,False
CheiHW,"[('Bamboo', 4)]",141,99,58.75,False
CheiHW,"[('Cloud', 4)]",116,123,48.53556485355649,False
CheiHW,"[('Cosmic', 4)]",98,128,43.36283185840708,False
CheiHW,"[('Dawn', 4)]",122,100,54.95495495495496,False
CheiHW,"[('Flute', 4)]",98,117,45.58139534883721,False
CheiHW,"[('Freight', 4)]",134,110,54.91803278688525,False
CheiHW,"[('Grassland', 4)]",120,99,54.794520547945204,False
CheiHW,"[('KangTao', 4)]",110,107,50.69124423963134,False
CheiHW,"[('Liquidation', 4)]",122,119,50.62240663900415,False
CheiHW,"[('Militech', 4)]",119,103,53.6036036036036,False
CheiHW,"[('NUSA', 4)]",136,86,61.261261261261254,False
CheiHW,"[('Newspaper', 4)]",115,101,53.24074074074075,False
CheiHW,"[('OldRusty', 4)]",133,99,57.327586206896555,False
CheiHW,"[('Purplestar', 4)]",110,104,51.4018691588785,False
CheiHW,"[('Rainbow', 4)]",121,115,51.271186440677965,False
CheiHW,"[('Rose', 4)]",114,122,48.30508474576271,False
CheiHW,"[('Runic', 4)]",122,106,53.50877192982456,False
CheiHW,"[('Snowflake', 4)]",128,111,53.55648535564853,False
CheiHW,"[('Sovereign', 4)]",120,117,50.63291139240506,False
CheiHW,"[('Tigris', 4)]",107,110,49.30875576036866,False
Chei,"[('1987', 4)]",132,96,57.89473684210527,False
Chei,"[('7891', 4)]",107,98,52.19512195121951,False
Chei,"[('Arasaka', 4)]",126,113,52.719665271966534,False
Chei,"[('Armydesert', 4)]",114,104,52.293577981651374,False
Chei,"[('Armygreen', 4)]",109,109,50.0,False
Chei,"[('Bamboo', 4)]",111,103,51.86915887850467,False
Chei,"[('Cloud', 4)]",117,113,50.8695652173913,False
Chei,"[('Cosmic', 4)]",94,121,43.72093023255814,False
Chei,"[('Dawn', 4)]",122,100,54.95495495495496,False
Chei,"[('Flute', 4)]",115,122,48.52320675105485,False
Chei,"[('Freight', 4)]",131,103,55.98290598290598,False
Chei,"[('Grassland', 4)]",126,120,51.21951219512195,False
Chei,"[('KangTao', 4)]",123,105,53.94736842105263,False
Chei,"[('Liquidation', 4)]",125,90,58.139534883720934,False
Chei,"[('Militech', 4)]",97,121,44.4954128440367,False
Chei,"[('NUSA', 4)]",105,97,51.98019801980198,False
Chei,"[('Newspaper', 4)]",135,102,56.9620253164557,False
Chei,"[('OldRusty', 4)]",131,117,52.82258064516129,False
Chei,"[('Purplestar', 4)]",127,96,56.95067264573991,False
Chei,"[('Rainbow', 4)]",86,129,40.0,False
Chei,"[('Rose', 4)]",98,105,48.275862068965516,False
Chei,"[('Runic', 4)]",122,91,57.27699530516433,False
Chei,"[('Snowflake', 4)]",142,107,57.028112449799195,False
Chei,"[('Sovereign', 4)]",122,100,54.95495495495496,False
Chei,"[('Tigris', 4)]",102,107,48.803827751196174,False
Chiffon,"[('1987', 4)]",135,113,54.43548387096774,False
Chiffon,"[('7891', 4)]",137,88,60.88888888888889,False
Chiffon,"[('Arasaka', 4)]",113,112,50.22222222222222,False
Chiffon,"[('Armydesert', 4)]",117,103,53.18181818181819,False
Chiffon,"[('Armygreen', 4)]",112,106,51.37614678899083,False
Chiffon,"[('Bamboo', 4)]",114,112,50.442477876106196,False
Chiffon,"[('Cloud', 4)]",110,106,50.92592592592593,False
Chiffon,"[('Cosmic', 4)]",102,120,45.94594594594595,False
Chiffon,"[('Dawn', 4)]",95,115,45.23809523809524,False
Chiffon,"[('Flute', 4)]",108,102,51.42857142857142,False
Chiffon,"[('Freight', 4)]",125,107,53.879310344827594,False
Chiffon,"[('Grassland', 4)]",111,120,48.05194805194805,False
Chiffon,"[('KangTao', 4)]",116,97,54.460093896713616,False
Chiffon,"[('Liquidation', 4)]",111,105,51.388888888888886,False
Chiffon,"[('Militech', 4)]",139,112,55.37848605577689,False
Chiffon,"[('NUSA', 4)]",116,100,53.70370370370371,False
Chiffon,"[('Newspaper', 4)]",114,106,51.81818181818182,False
Chiffon,"[('OldRusty', 4)]",125,99,55.80357142857143,False
Chiffon,"[('Purplestar', 4)]",118,90,56.730769230769226,False
Chiffon,"[('Rainbow', 4)]",93,96,49.2063492063492,False
Chiffon,"[('Rose', 4)]",136,115,54.18326693227091,False
Chiffon,"[('Runic', 4)]",134,116,53.6,False
Chiffon,"[('Snowflake', 4)]",97,85,53.2967032967033,False
Chiffon,"[('Sovereign', 4)]",112,104,51.85185185185185,False
Chiffon,"[('Tigris', 4)]",116,119,49.361702127659576,False
Clarence,"[('1987', 4)]",110,132,45.45454545454545,False
Clarence,"[('7891', 4)]",112,92,54.90196078431373,False
Clarence,"[('Arasaka', 4)]",100,123,44.843049327354265,False
Clarence,"[('Armydesert', 4)]",98,132,42.608695652173914,False
Clarence,"[('Armygreen', 4)]",127,125,50.39682539682539,False
Clarence,"[('Bamboo', 4)]",119,116,50.638297872340424,False
Clarence,"[('Cloud', 4)]",84,131,39.06976744186046,False
Clarence,"[('Cosmic', 4)]",94,146,39.166666666666664,False
Clarence,"[('Dawn', 4)]",91,113,44.6078431372549,False
Clarence,"[('Flute', 4)]",108,110,49.54128440366973,False
Clarence,"[('Freight', 4)]",96,106,47.524752475247524,False
Clarence,"[('Grassland', 4)]",125,101,55.309734513274336,False
Clarence,"[('KangTao', 4)]",118,119,49.789029535864984,False
Clarence,"[('Liquidation', 4)]",124,109,53.21888412017167,False
Clarence,"[('Militech', 4)]",102,118,46.36363636363636,False
Clarence,"[('NUSA', 4)]",112,128,46.666666666666664,False
Clarence,"[('Newspaper', 4)]",101,109,48.095238095238095,False
Clarence,"[('OldRusty', 4)]",114,134,45.96774193548387,False
Clarence,"[('Purplestar', 4)]",105,130,44.680851063829785,False
Clarence,"[('Rainbow', 4)]",102,111,47.88732394366197,False
Clarence,"[('Rose', 4)]",102,141,41.9753086419753,False
Clarence,"[('Runic', 4)]",110,108,50.45871559633027,False
Clarence,"[('Snowflake', 4)]",118,129,47.77327935222672,False
Clarence,"[('Sovereign', 4)]",107,106,50.23474178403756,False
Clarence,"[('Tigris', 4)]",110,116,48.67256637168141,False
Cliffe,"[('1987', 4)]",120,125,48.97959183673469,False
Cliffe,"[('7891', 4)]",121,109,52.60869565217391,False
Cliffe,"[('Arasaka', 4)]",94,122,43.51851851851852,False
Cliffe,"[('Armydesert', 4)]",106,116,47.74774774774775,False
Cliffe,"[('Armygreen', 4)]",122,105,53.74449339207048,False
Cliffe,"[('Bamboo', 4)]",128,107,54.46808510638298,False
Cliffe,"[('Cloud', 4)]",103,110,48.35680751173709,False
Cliffe,"[('Cosmic', 4)]",110,102,51.886792452830186,False
Cliffe,"[('Dawn', 4)]",97,93,51.05263157894737,False
Cliffe,"[('Flute', 4)]",101,113,47.19626168224299,False
Cliffe,"[('Freight', 4)]",97,117,45.32710280373832,False
Cliffe,"[('Grassland', 4)]",132,108,55.00000000000001,False
Cliffe,"[('KangTao', 4)]",127,106,54.506437768240346,False
Cliffe,"[('Liquidation', 4)]",121,132,47.82608695652174,False
Cliffe,"[('Militech', 4)]",102,123,45.33333333333333,False
Cliffe,"[('NUSA', 4)]",134,90,59.82142857142857,False
Cliffe,"[('Newspaper', 4)]",119,117,50.42372881355932,False
Cliffe,"[('OldRusty', 4)]",111,103,51.86915887850467,False
Cliffe,"[('Purplestar', 4)]",131,101,56.46551724137932,False
Cliffe,"[('Rainbow', 4)]",111,97,53.36538461538461,False
Cliffe,"[('Rose', 4)]",97,110,46.85990338164252,False
Cliffe,"[('Runic', 4)]",102,102,50.0,False
Cliffe,"[('Snowflake', 4)]",107,101,51.442307692307686,False
Cliffe,"[('Sovereign', 4)]",129,124,50.988142292490124,False
Cliffe,"[('Tigris', 4)]",118,97,54.88372093023256,False
Clover,"[('1987', 4)]",96,127,43.04932735426009,False
Clover,"[('7891', 4)]",113,102,52.55813953488372,False
Clover,"[('Arasaka', 4)]",100,111,47.39336492890995,False
Clover,"[('Armydesert', 4)]",89,108,45.17766497461929,False
Clover,"[('Armygreen', 4)]",122,122,50.0,False
Clover,"[('Bamboo', 4)]",95,142,40.08438818565401,False
Clover,"[('Cloud', 4)]",76,109,41.08108108108108,False
Clover,"[('Cosmic', 4)]",107,111,49.08256880733945,False
Clover,"[('Dawn', 4)]",115,118,49.35622317596567,False
Clover,"[('Flute', 4)]",96,122,44.03669724770643,False
Clover,"[('Freight', 4)]",96,107,47.29064039408867,False
Clover,"[('Grassland', 4)]",93,119,43.86792452830189,False
Clover,"[('KangTao', 4)]",99,128,43.61233480176212,False
Clover,"[('Liquidation', 4)]",111,113,49.55357142857143,False
Clover,"[('Militech', 4)]",96,126,43.24324324324324,False
Clover,"[('NUSA', 4)]",135,108,55.55555555555556,False
Clover,"[('Newspaper', 4)]",95,127,42.792792792792795,False
Clover,"[('OldRusty', 4)]",105,114,47.94520547945205,False
Clover,"[('Purplestar', 4)]",117,104,52.94117647058824,False
Clover,"[('Rainbow', 4)]",103,113,47.68518518518518,False
Clover,"[('Rose', 4)]",106,111,48.8479262672811,False
Clover,"[('Runic', 4)]",98,117,45.58139534883721,False
Clover,"[('Snowflake', 4)]",117,115,50.43103448275862,False
Clover,"[('Sovereign', 4)]",126,105,54.54545454545454,False
Clover,"[('Tigris', 4)]",104,114,47.706422018348626,False
CocoaRT,"[('1987', 4)]",100,93,51.813471502590666,False
CocoaRT,"[('7891', 4)]",124,81,60.48780487804878,False
CocoaRT,"[('Arasaka', 4)]",133,89,59.909909909909906,False
CocoaRT,"[('Armydesert', 4)]",127,97,56.69642857142857,False
CocoaRT,"[('Armygreen', 4)]",167,84,66.53386454183267,False
CocoaRT,"[('Bamboo', 4)]",148,91,61.92468619246861,False
CocoaRT,"[('Cloud', 4)]",103,136,43.09623430962343,False
CocoaRT,"[('Cosmic', 4)]",156,81,65.82278481012658,False
CocoaRT,"[('Dawn', 4)]",128,107,54.46808510638298,False
CocoaRT,"[('Flute', 4)]",124,97,56.10859728506787,False
CocoaRT,"[('Freight', 4)]",120,90,57.14285714285714,False
CocoaRT,"[('Grassland', 4)]",105,87,54.6875,False
CocoaRT,"[('KangTao', 4)]",121,103,54.01785714285714,False
CocoaRT,"[('Liquidation', 4)]",142,86,62.28070175438597,False
CocoaRT,"[('Militech', 4)]",123,84,59.42028985507246,False
CocoaRT,"[('NUSA', 4)]",131,81,61.79245283018868,False
CocoaRT,"[('Newspaper', 4)]",127,110,53.58649789029536,False
CocoaRT,"[('OldRusty', 4)]",151,98,60.6425702811245,False
CocoaRT,"[('Purplestar', 4)]",151,86,63.71308016877637,False
CocoaRT,"[('Rainbow', 4)]",131,106,55.27426160337553,False
CocoaRT,"[('Rose', 4)]",102,113,47.44186046511628,False
CocoaRT,"[('Runic', 4)]",107,88,54.871794871794876,False
CocoaRT,"[('Snowflake', 4)]",126,94,57.27272727272727,False
CocoaRT,"[('Sovereign', 4)]",132,119,52.589641434262944,False
CocoaRT,"[('Tigris', 4)]",112,105,51.61290322580645,False
Cocoa,"[('1987', 4)]",130,83,61.03286384976526,False
Cocoa,"[('7891', 4)]",140,93,60.08583690987125,False
Cocoa,"[('Arasaka', 4)]",132,90,59.45945945945946,False
Cocoa,"[('Armydesert', 4)]",145,84,63.31877729257642,False
Cocoa,"[('Armygreen', 4)]",129,77,62.62135922330098,False
Cocoa,"[('Bamboo', 4)]",131,97,57.45614035087719,False
Cocoa,"[('Cloud', 4)]",117,88,57.073170731707314,False
Cocoa,"[('Cosmic', 4)]",129,88,59.44700460829493,False
Cocoa,"[('Dawn', 4)]",129,110,53.97489539748954,False
Cocoa,"[('Flute', 4)]",129,98,56.82819383259912,False
Cocoa,"[('Freight', 4)]",124,100,55.35714285714286,False
Cocoa,"[('Grassland', 4)]",93,90,50.81967213114754,False
Cocoa,"[('KangTao', 4)]",114,108,51.35135135135135,False
Cocoa,"[('Liquidation', 4)]",135,95,58.69565217391305,False
Cocoa,"[('Militech', 4)]",148,78,65.48672566371681,False
Cocoa,"[('NUSA', 4)]",143,90,61.37339055793991,False
Cocoa,"[('Newspaper', 4)]",122,92,57.009345794392516,False
Cocoa,"[('OldRusty', 4)]",166,87,65.61264822134387,False
Cocoa,"[('Purplestar', 4)]",163,85,65.7258064516129,False
Cocoa,"[('Rainbow', 4)]",121,97,55.5045871559633,False
Cocoa,"[('Rose', 4)]",153,99,60.71428571428571,False
Cocoa,"[('Runic', 4)]",160,88,64.51612903225806,False
Cocoa,"[('Snowflake', 4)]",108,92,54.0,False
Cocoa,"[('Sovereign', 4)]",129,105,55.12820512820513,False
Cocoa,"[('Tigris', 4)]",118,92,56.19047619047619,False
Cory,"[('1987', 4)]",88,113,43.78109452736319,False
Cory,"[('7891', 4)]",78,127,38.048780487804876,False
Cory,"[('Arasaka', 4)]",100,124,44.642857142857146,False
Cory,"[('Armydesert', 4)]",84,134,38.53211009174312,False
Cory,"[('Armygreen', 4)]",97,134,41.99134199134199,False
Cory,"[('Bamboo', 4)]",88,148,37.28813559322034,False
Cory,"[('Cloud', 4)]",83,144,36.56387665198238,False
Cory,"[('Cosmic', 4)]",70,141,33.175355450236964,False
Cory,"[('Dawn', 4)]",88,130,40.36697247706422,False
Cory,"[('Flute', 4)]",124,117,51.45228215767634,False
Cory,"[('Freight', 4)]",65,133,32.82828282828283,False
Cory,"[('Grassland', 4)]",94,151,38.36734693877551,False
Cory,"[('KangTao', 4)]",98,134,42.241379310344826,False
Cory,"[('Liquidation', 4)]",79,113,41.14583333333333,False
Cory,"[('Militech', 4)]",88,135,39.46188340807175,False
Cory,"[('NUSA', 4)]",103,136,43.09623430962343,False
Cory,"[('Newspaper', 4)]",89,130,40.63926940639269,False
Cory,"[('OldRusty', 4)]",84,133,38.70967741935484,False
Cory,"[('Purplestar', 4)]",79,130,37.79904306220095,False
Cory,"[('Rainbow', 4)]",73,149,32.88288288288289,False
Cory,"[('Rose', 4)]",80,145,35.55555555555556,False
Cory,"[('Runic', 4)]",77,125,38.11881188118812,False
Cory,"[('Snowflake', 4)]",84,149,36.05150214592275,False
Cory,"[('Sovereign', 4)]",83,130,38.967136150234744,False
Cory,"[('Tigris', 4)]",100,130,43.47826086956522,False
Cupid,"[('1987', 4)]",91,139,39.565217391304344,False
Cupid,"[('7891', 4)]",115,119,49.14529914529914,False
Cupid,"[('Arasaka', 4)]",111,116,48.89867841409692,False
Cupid,"[('Armydesert', 4)]",114,107,51.58371040723983,False
Cupid,"[('Armygreen', 4)]",138,120,53.48837209302325,False
Cupid,"[('Bamboo', 4)]",90,137,39.647577092511014,False
Cupid,"[('Cloud', 4)]",85,135,38.63636363636363,False
Cupid,"[('Cosmic', 4)]",102,123,45.33333333333333,False
Cupid,"[('Dawn', 4)]",88,126,41.1214953271028,False
Cupid,"[('Flute', 4)]",109,144,43.08300395256917,False
Cupid,"[('Freight', 4)]",64,122,34.40860215053764,False
Cupid,"[('Grassland', 4)]",107,118,47.55555555555556,False
Cupid,"[('KangTao', 4)]",97,140,40.92827004219409,False
Cupid,"[('Liquidation', 4)]",102,123,45.33333333333333,False
Cupid,"[('Militech', 4)]",97,105,48.01980198019802,False
Cupid,"[('NUSA', 4)]",107,130,45.14767932489451,False
Cupid,"[('Newspaper', 4)]",112,123,47.65957446808511,False
Cupid,"[('OldRusty', 4)]",103,129,44.396551724137936,False
Cupid,"[('Purplestar', 4)]",115,141,44.921875,False
Cupid,"[('Rainbow', 4)]",90,103,46.63212435233161,False
Cupid,"[('Rose', 4)]",100,144,40.98360655737705,False
Cupid,"[('Runic', 4)]",139,101,57.91666666666667,False
Cupid,"[('Snowflake', 4)]",103,98,51.243781094527364,False
Cupid,"[('Sovereign', 4)]",99,97,50.51020408163265,False
Cupid,"[('Tigris', 4)]",101,128,44.10480349344978,False
Don,"[('1987', 4)]",110,107,50.69124423963134,False
Don,"[('7891', 4)]",108,124,46.55172413793103,False
Don,"[('Arasaka', 4)]",106,100,51.45631067961165,False
Don,"[('Armydesert', 4)]",106,114,48.18181818181818,False
Don,"[('Armygreen', 4)]",119,111,51.73913043478261,False
Don,"[('Bamboo', 4)]",109,115,48.660714285714285,False
Don,"[('Cloud', 4)]",109,115,48.660714285714285,False
Don,"[('Cosmic', 4)]",83,140,37.219730941704036,False
Don,"[('Dawn', 4)]",104,114,47.706422018348626,False
Don,"[('Flute', 4)]",113,115,49.56140350877193,False
Don,"[('Freight', 4)]",104,118,46.846846846846844,False
Don,"[('Grassland', 4)]",92,105,46.7005076142132,False
Don,"[('KangTao', 4)]",109,94,53.69458128078818,False
Don,"[('Liquidation', 4)]",103,101,50.49019607843137,False
Don,"[('Militech', 4)]",98,111,46.889952153110045,False
Don,"[('NUSA', 4)]",92,105,46.7005076142132,False
Don,"[('Newspaper', 4)]",108,110,49.54128440366973,False
Don,"[('OldRusty', 4)]",95,117,44.81132075471698,False
Don,"[('Purplestar', 4)]",114,109,51.12107623318386,False
Don,"[('Rainbow', 4)]",115,111,50.88495575221239,False
Don,"[('Rose', 4)]",110,118,48.24561403508772,False
Don,"[('Runic', 4)]",101,134,42.97872340425532,False
Don,"[('Snowflake', 4)]",113,125,47.47899159663865,False
Don,"[('Sovereign', 4)]",122,119,50.62240663900415,False
Don,"[('Tigris', 4)]",104,108,49.056603773584904,False
Dophine,"[('1987', 4)]",115,123,48.319327731092436,False
Dophine,"[('7891', 4)]",95,126,42.98642533936652,False
Dophine,"[('Arasaka', 4)]",103,122,45.77777777777778,False
Dophine,"[('Armydesert', 4)]",123,115,51.68067226890757,False
Dophine,"[('Armygreen', 4)]",117,107,52.23214285714286,False
Dophine,"[('Bamboo', 4)]",114,117,49.35064935064935,False
Dophine,"[('Cloud', 4)]",113,103,52.31481481481482,False
Dophine,"[('Cosmic', 4)]",102,122,45.535714285714285,False
Dophine,"[('Dawn', 4)]",98,118,45.370370370370374,False
Dophine,"[('Flute', 4)]",91,128,41.55251141552511,False
Dophine,"[('Freight', 4)]",110,117,48.458149779735685,False
Dophine,"[('Grassland', 4)]",92,120,43.39622641509434,False
Dophine,"[('KangTao', 4)]",84,111,43.07692307692308,False
Dophine,"[('Liquidation', 4)]",113,137,45.2,False
Dophine,"[('Militech', 4)]",100,109,47.84688995215311,False
Dophine,"[('NUSA', 4)]",127,103,55.21739130434783,False
Dophine,"[('Newspaper', 4)]",107,119,47.34513274336283,False
Dophine,"[('OldRusty', 4)]",113,124,47.67932489451477,False
Dophine,"[('Purplestar', 4)]",125,121,50.81300813008131,False
Dophine,"[('Rainbow', 4)]",111,129,46.25,False
Dophine,"[('Rose', 4)]",114,131,46.53061224489796,False
Dophine,"[('Runic', 4)]",116,108,51.78571428571429,False
Dophine,"[('Snowflake', 4)]",104,121,46.22222222222222,False
Dophine,"[('Sovereign', 4)]",103,128,44.58874458874459,False
Dophine,"[('Tigris', 4)]",107,152,41.312741312741316,False
East,"[('1987', 4)]",110,107,50.69124423963134,False
East,"[('7891', 4)]",107,125,46.12068965517241,False
East,"[('Arasaka', 4)]",82,126,39.42307692307692,False
East,"[('Armydesert', 4)]",93,110,45.812807881773395,False
East,"[('Armygreen', 4)]",90,120,42.857142857142854,False
East,"[('Bamboo', 4)]",106,119,47.11111111111111,False
East,"[('Cloud', 4)]",95,136,41.125541125541126,False
East,"[('Cosmic', 4)]",80,121,39.800995024875625,False
East,"[('Dawn', 4)]",113,96,54.066985645933016,False
East,"[('Flute', 4)]",96,117,45.07042253521127,False
East,"[('Freight', 4)]",88,120,42.30769230769231,False
East,"[('Grassland', 4)]",87,122,41.62679425837321,False
East,"[('KangTao', 4)]",90,116,43.689320388349515,False
East,"[('Liquidation', 4)]",107,115,48.1981981981982,False
East,"[('Militech', 4)]",113,133,45.9349593495935,False
East,"[('NUSA', 4)]",123,110,52.78969957081545,False
East,"[('Newspaper', 4)]",96,146,39.66942148760331,False
East,"[('OldRusty', 4)]",121,124,49.38775510204081,False
East,"[('Purplestar', 4)]",106,122,46.49122807017544,False
East,"[('Rainbow', 4)]",99,123,44.5945945945946,False
East,"[('Rose', 4)]",93,109,46.03960396039604,False
East,"[('Runic', 4)]",102,133,43.40425531914894,False
East,"[('Snowflake', 4)]",108,131,45.18828451882845,False
East,"[('Sovereign', 4)]",114,122,48.30508474576271,False
East,"[('Tigris', 4)]",107,132,44.76987447698745,False
Eddie,"[('1987', 4)]",111,115,49.11504424778761,False
Eddie,"[('7891', 4)]",115,125,47.91666666666667,False
Eddie,"[('Arasaka', 4)]",124,88,58.490566037735846,False
Eddie,"[('Armydesert', 4)]",109,132,45.22821576763486,False
Eddie,"[('Armygreen', 4)]",102,89,53.403141361256544,False
Eddie,"[('Bamboo', 4)]",115,121,48.728813559322035,False
Eddie,"[('Cloud', 4)]",95,102,48.223350253807105,False
Eddie,"[('Cosmic', 4)]",108,145,42.68774703557312,False
Eddie,"[('Dawn', 4)]",125,86,59.241706161137444,False
Eddie,"[('Flute', 4)]",90,117,43.47826086956522,False
Eddie,"[('Freight', 4)]",100,85,54.054054054054056,False
Eddie,"[('Grassland', 4)]",102,126,44.73684210526316,False
Eddie,"[('KangTao', 4)]",126,107,54.077253218884124,False
Eddie,"[('Liquidation', 4)]",118,109,51.98237885462555,False
Eddie,"[('Militech', 4)]",105,114,47.94520547945205,False
Eddie,"[('NUSA', 4)]",135,106,56.016597510373444,False
Eddie,"[('Newspaper', 4)]",102,113,47.44186046511628,False
Eddie,"[('OldRusty', 4)]",101,142,41.56378600823045,False
Eddie,"[('Purplestar', 4)]",99,103,49.00990099009901,False
Eddie,"[('Rainbow', 4)]",105,123,46.05263157894737,False
Eddie,"[('Rose', 4)]",106,102,50.96153846153846,False
Eddie,"[('Runic', 4)]",110,122,47.41379310344828,False
Eddie,"[('Snowflake', 4)]",133,116,53.41365461847389,False
Eddie,"[('Sovereign', 4)]",101,111,47.64150943396226,False
Eddie,"[('Tigris', 4)]",119,111,51.73913043478261,False
FenrirSC,"[('1987', 4)]",116,123,48.53556485355649,False
FenrirSC,"[('7891', 4)]",102,129,44.15584415584416,False
FenrirSC,"[('Arasaka', 4)]",93,125,42.6605504587156,False
FenrirSC,"[('Armydesert', 4)]",96,121,44.23963133640553,False
FenrirSC,"[('Armygreen', 4)]",91,121,42.924528301886795,False
FenrirSC,"[('Bamboo', 4)]",103,143,41.86991869918699,False
FenrirSC,"[('Cloud', 4)]",95,119,44.39252336448598,False
FenrirSC,"[('Cosmic', 4)]",83,133,38.425925925925924,False
FenrirSC,"[('Dawn', 4)]",91,129,41.36363636363637,False
FenrirSC,"[('Flute', 4)]",97,111,46.63461538461539,False
FenrirSC,"[('Freight', 4)]",93,123,43.05555555555556,False
FenrirSC,"[('Grassland', 4)]",113,130,46.50205761316872,False
FenrirSC,"[('KangTao', 4)]",125,121,50.81300813008131,False
FenrirSC,"[('Liquidation', 4)]",80,104,43.47826086956522,False
FenrirSC,"[('Militech', 4)]",106,122,46.49122807017544,False
FenrirSC,"[('NUSA', 4)]",122,117,51.04602510460251,False
FenrirSC,"[('Newspaper', 4)]",89,119,42.78846153846153,False
FenrirSC,"[('OldRusty', 4)]",101,117,46.330275229357795,False
FenrirSC,"[('Purplestar', 4)]",112,107,51.141552511415526,False
FenrirSC,"[('Rainbow', 4)]",94,157,37.45019920318725,False
FenrirSC,"[('Rose', 4)]",80,125,39.02439024390244,False
FenrirSC,"[('Runic', 4)]",112,118,48.69565217391305,False
FenrirSC,"[('Snowflake', 4)]",107,117,47.767857142857146,False
FenrirSC,"[('Sovereign', 4)]",102,126,44.73684210526316,False
FenrirSC,"[('Tigris', 4)]",90,127,41.474654377880185,False
Fenrir,"[('1987', 4)]",40,42,48.78048780487805,False
Fenrir,"[('7891', 4)]",42,44,48.837209302325576,False
Fenrir,"[('Arasaka', 4)]",47,50,48.45360824742268,False
Fenrir,"[('Armydesert', 4)]",48,48,50.0,False
Fenrir,"[('Armygreen', 4)]",46,40,53.48837209302325,False
Fenrir,"[('Bamboo', 4)]",49,44,52.68817204301075,False
Fenrir,"[('Cloud', 4)]",46,54,46.0,False
Fenrir,"[('Cosmic', 4)]",41,61,40.19607843137255,False
Fenrir,"[('Dawn', 4)]",27,45,37.5,False
Fenrir,"[('Flute', 4)]",45,46,49.45054945054945,False
Fenrir,"[('Freight', 4)]",57,47,54.807692307692314,False
Fenrir,"[('Grassland', 4)]",40,51,43.956043956043956,False
Fenrir,"[('KangTao', 4)]",43,51,45.744680851063826,False
Fenrir,"[('Liquidation', 4)]",32,49,39.50617283950617,False
Fenrir,"[('Militech', 4)]",49,40,55.0561797752809,False
Fenrir,"[('NUSA', 4)]",51,45,53.125,False
Fenrir,"[('Newspaper', 4)]",43,71,37.719298245614034,False
Fenrir,"[('OldRusty', 4)]",49,49,50.0,False
Fenrir,"[('Purplestar', 4)]",35,55,38.88888888888889,False
Fenrir,"[('Rainbow', 4)]",42,51,45.16129032258064,False
Fenrir,"[('Rose', 4)]",47,57,45.19230769230769,False
Fenrir,"[('Runic', 4)]",54,54,50.0,False
Fenrir,"[('Snowflake', 4)]",43,51,45.744680851063826,False
Fenrir,"[('Sovereign', 4)]",37,48,43.529411764705884,False
Fenrir,"[('Tigris', 4)]",45,54,45.45454545454545,False
Fox,"[('1987', 4)]",116,100,53.70370370370371,False
Fox,"[('7891', 4)]",115,104,52.51141552511416,False
Fox,"[('Arasaka', 4)]",131,99,56.95652173913044,False
Fox,"[('Armydesert', 4)]",138,92,60.0,False
Fox,"[('Armygreen', 4)]",130,85,60.46511627906976,False
Fox,"[('Bamboo', 4)]",134,113,54.25101214574899,False
Fox,"[('Cloud', 4)]",106,120,46.902654867256636,False
Fox,"[('Cosmic', 4)]",115,88,56.65024630541872,False
Fox,"[('Dawn', 4)]",101,95,51.53061224489795,False
Fox,"[('Flute', 4)]",106,115,47.963800904977376,False
Fox,"[('Freight', 4)]",117,111,51.31578947368421,False
Fox,"[('Grassland', 4)]",112,110,50.45045045045045,False
Fox,"[('KangTao', 4)]",130,95,57.77777777777777,False
Fox,"[('Liquidation', 4)]",120,90,57.14285714285714,False
Fox,"[('Militech', 4)]",115,108,51.569506726457405,False
Fox,"[('NUSA', 4)]",129,83,60.84905660377359,False
Fox,"[('Newspaper', 4)]",120,96,55.55555555555556,False
Fox,"[('OldRusty', 4)]",109,118,48.01762114537445,False
Fox,"[('Purplestar', 4)]",117,109,51.76991150442478,False
Fox,"[('Rainbow', 4)]",126,98,56.25,False
Fox,"[('Rose', 4)]",105,101,50.970873786407765,False
Fox,"[('Runic', 4)]",128,103,55.41125541125541,False
Fox,"[('Snowflake', 4)]",125,115,52.083333333333336,False
Fox,"[('Sovereign', 4)]",110,106,50.92592592592593,False
Fox,"[('Tigris', 4)]",135,111,54.87804878048781,False
Fred,"[('1987', 4)]",114,110,50.89285714285714,False
Fred,"[('7891', 4)]",121,96,55.76036866359447,False
Fred,"[('Arasaka', 4)]",104,113,47.926267281105986,False
Fred,"[('Armydesert', 4)]",91,117,43.75,False
Fred,"[('Armygreen', 4)]",107,131,44.957983193277315,False
Fred,"[('Bamboo', 4)]",89,109,44.94949494949495,False
Fred,"[('Cloud', 4)]",111,122,47.63948497854077,False
Fred,"[('Cosmic', 4)]",88,128,40.74074074074074,False
Fred,"[('Dawn', 4)]",98,115,46.009389671361504,False
Fred,"[('Flute', 4)]",120,124,49.18032786885246,False
Fred,"[('Freight', 4)]",119,131,47.599999999999994,False
Fred,"[('Grassland', 4)]",127,111,53.36134453781513,False
Fred,"[('KangTao', 4)]",103,101,50.49019607843137,False
Fred,"[('Liquidation', 4)]",120,110,52.17391304347826,False
Fred,"[('Militech', 4)]",94,111,45.85365853658537,False
Fred,"[('NUSA', 4)]",106,105,50.23696682464455,False
Fred,"[('Newspaper', 4)]",108,108,50.0,False
Fred,"[('OldRusty', 4)]",119,110,51.96506550218341,False
Fred,"[('Purplestar', 4)]",102,121,45.73991031390135,False
Fred,"[('Rainbow', 4)]",109,134,44.8559670781893,False
Fred,"[('Rose', 4)]",106,123,46.288209606986904,False
Fred,"[('Runic', 4)]",106,125,45.887445887445885,False
Fred,"[('Snowflake', 4)]",91,111,45.04950495049505,False
Fred,"[('Sovereign', 4)]",107,116,47.98206278026906,False
Fred,"[('Tigris', 4)]",95,109,46.568627450980394,False
FreyaBP,"[('1987', 4)]",115,92,55.55555555555556,False
FreyaBP,"[('7891', 4)]",116,105,52.488687782805435,False
FreyaBP,"[('Arasaka', 4)]",103,108,48.81516587677725,False
FreyaBP,"[('Armydesert', 4)]",139,121,53.46153846153846,False
FreyaBP,"[('Armygreen', 4)]",109,120,47.59825327510917,False
FreyaBP,"[('Bamboo', 4)]",128,93,57.9185520361991,False
FreyaBP,"[('Cloud', 4)]",109,90,54.773869346733676,False
FreyaBP,"[('Cosmic', 4)]",122,87,58.3732057416268,False
FreyaBP,"[('Dawn', 4)]",124,121,50.61224489795918,False
FreyaBP,"[('Flute', 4)]",120,99,54.794520547945204,False
FreyaBP,"[('Freight', 4)]",105,111,48.61111111111111,False
FreyaBP,"[('Grassland', 4)]",128,93,57.9185520361991,False
FreyaBP,"[('KangTao', 4)]",109,121,47.391304347826086,False
FreyaBP,"[('Liquidation', 4)]",129,95,57.58928571428571,False
FreyaBP,"[('Militech', 4)]",125,106,54.112554112554115,False
FreyaBP,"[('NUSA', 4)]",119,94,55.86854460093896,False
FreyaBP,"[('Newspaper', 4)]",110,122,47.41379310344828,False
FreyaBP,"[('OldRusty', 4)]",98,95,50.77720207253886,False
FreyaBP,"[('Purplestar', 4)]",111,103,51.86915887850467,False
FreyaBP,"[('Rainbow', 4)]",112,107,51.141552511415526,False
FreyaBP,"[('Rose', 4)]",111,119,48.26086956521739,False
FreyaBP,"[('Runic', 4)]",145,82,63.87665198237885,False
FreyaBP,"[('Snowflake', 4)]",114,101,53.02325581395348,False
FreyaBP,"[('Sovereign', 4)]",114,90,55.88235294117647,False
FreyaBP,"[('Tigris', 4)]",98,130,42.98245614035088,False
FreyaSK,"[('1987', 4)]",113,109,50.9009009009009,False
FreyaSK,"[('7891', 4)]",118,111,51.52838427947598,False
FreyaSK,"[('Arasaka', 4)]",104,107,49.28909952606635,False
FreyaSK,"[('Armydesert', 4)]",100,120,45.45454545454545,False
FreyaSK,"[('Armygreen', 4)]",101,123,45.089285714285715,False
FreyaSK,"[('Bamboo', 4)]",85,110,43.58974358974359,False
FreyaSK,"[('Cloud', 4)]",103,116,47.03196347031963,False
FreyaSK,"[('Cosmic', 4)]",108,120,47.368421052631575,False
FreyaSK,"[('Dawn', 4)]",115,102,52.995391705069125,False
FreyaSK,"[('Flute', 4)]",110,136,44.71544715447154,False
FreyaSK,"[('Freight', 4)]",99,112,46.91943127962085,False
FreyaSK,"[('Grassland', 4)]",104,124,45.614035087719294,False
FreyaSK,"[('KangTao', 4)]",104,106,49.523809523809526,False
FreyaSK,"[('Liquidation', 4)]",119,99,54.58715596330275,False
FreyaSK,"[('Militech', 4)]",98,97,50.256410256410255,False
FreyaSK,"[('NUSA', 4)]",116,98,54.20560747663551,False
FreyaSK,"[('Newspaper', 4)]",102,137,42.67782426778243,False
FreyaSK,"[('OldRusty', 4)]",103,112,47.906976744186046,False
FreyaSK,"[('Purplestar', 4)]",112,126,47.05882352941176,False
FreyaSK,"[('Rainbow', 4)]",126,97,56.502242152466366,False
FreyaSK,"[('Rose', 4)]",108,109,49.76958525345622,False
FreyaSK,"[('Runic', 4)]",128,111,53.55648535564853,False
FreyaSK,"[('Snowflake', 4)]",117,130,47.368421052631575,False
FreyaSK,"[('Sovereign', 4)]",117,119,49.57627118644068,False
FreyaSK,"[('Tigris', 4)]",97,109,47.0873786407767,False
Freya,"[('1987', 4)]",108,120,47.368421052631575,False
Freya,"[('7891', 4)]",121,114,51.48936170212765,False
Freya,"[('Arasaka', 4)]",110,104,51.4018691588785,False
Freya,"[('Armydesert', 4)]",110,128,46.21848739495798,False
Freya,"[('Armygreen', 4)]",115,115,50.0,False
Freya,"[('Bamboo', 4)]",124,102,54.86725663716814,False
Freya,"[('Cloud', 4)]",118,118,50.0,False
Freya,"[('Cosmic', 4)]",103,131,44.01709401709402,False
Freya,"[('Dawn', 4)]",108,96,52.94117647058824,False
Freya,"[('Flute', 4)]",99,134,42.48927038626609,False
Freya,"[('Freight', 4)]",124,112,52.54237288135594,False
Freya,"[('Grassland', 4)]",127,104,54.97835497835498,False
Freya,"[('KangTao', 4)]",122,117,51.04602510460251,False
Freya,"[('Liquidation', 4)]",107,99,51.94174757281553,False
Freya,"[('Militech', 4)]",114,144,44.18604651162791,False
Freya,"[('NUSA', 4)]",111,104,51.627906976744185,False
Freya,"[('Newspaper', 4)]",107,123,46.52173913043478,False
Freya,"[('OldRusty', 4)]",115,136,45.81673306772908,False
Freya,"[('Purplestar', 4)]",79,110,41.7989417989418,False
Freya,"[('Rainbow', 4)]",117,124,48.54771784232365,False
Freya,"[('Rose', 4)]",89,102,46.596858638743456,False
Freya,"[('Runic', 4)]",109,94,53.69458128078818,False
Freya,"[('Snowflake', 4)]",121,99,55.00000000000001,False
Freya,"[('Sovereign', 4)]",116,104,52.72727272727272,False
Freya,"[('Tigris', 4)]",102,113,47.44186046511628,False
Gabe,"[('1987', 4)]",124,129,49.01185770750988,False
Gabe,"[('7891', 4)]",105,117,47.2972972972973,False
Gabe,"[('Arasaka', 4)]",106,117,47.53363228699551,False
Gabe,"[('Armydesert', 4)]",110,104,51.4018691588785,False
Gabe,"[('Armygreen', 4)]",132,147,47.31182795698925,False
Gabe,"[('Bamboo', 4)]",118,141,45.559845559845556,False
Gabe,"[('Cloud', 4)]",116,142,44.96124031007752,False
Gabe,"[('Cosmic', 4)]",93,123,43.05555555555556,False
Gabe,"[('Dawn', 4)]",97,123,44.09090909090909,False
Gabe,"[('Flute', 4)]",116,123,48.53556485355649,False
Gabe,"[('Freight', 4)]",101,120,45.70135746606335,False
Gabe,"[('Grassland', 4)]",107,111,49.08256880733945,False
Gabe,"[('KangTao', 4)]",103,120,46.18834080717489,False
Gabe,"[('Liquidation', 4)]",115,116,49.78354978354979,False
Gabe,"[('Militech', 4)]",107,110,49.30875576036866,False
Gabe,"[('NUSA', 4)]",99,105,48.529411764705884,False
Gabe,"[('Newspaper', 4)]",103,122,45.77777777777778,False
Gabe,"[('OldRusty', 4)]",106,125,45.887445887445885,False
Gabe,"[('Purplestar', 4)]",119,107,52.654867256637175,False
Gabe,"[('Rainbow', 4)]",125,130,49.01960784313725,False
Gabe,"[('Rose', 4)]",98,113,46.44549763033176,False
Gabe,"[('Runic', 4)]",118,114,50.86206896551724,False
Gabe,"[('Snowflake', 4)]",114,115,49.78165938864629,False
Gabe,"[('Sovereign', 4)]",100,109,47.84688995215311,False
Gabe,"[('Tigris', 4)]",105,126,45.45454545454545,False
Galahad,"[('1987', 4)]",85,137,38.288288288288285,False
Galahad,"[('7891', 4)]",105,130,44.680851063829785,False
Galahad,"[('Arasaka', 4)]",88,121,42.10526315789473,False
Galahad,"[('Armydesert', 4)]",112,129,46.47302904564315,False
Galahad,"[('Armygreen', 4)]",93,123,43.05555555555556,False
Galahad,"[('Bamboo', 4)]",77,122,38.69346733668342,False
Galahad,"[('Cloud', 4)]",75,141,34.72222222222222,False
Galahad,"[('Cosmic', 4)]",101,143,41.39344262295082,False
Galahad,"[('Dawn', 4)]",86,117,42.364532019704434,False
Galahad,"[('Flute', 4)]",77,134,36.492890995260666,False
Galahad,"[('Freight', 4)]",112,103,52.093023255813954,False
Galahad,"[('Grassland', 4)]",87,150,36.708860759493675,False
Galahad,"[('KangTao', 4)]",95,150,38.775510204081634,False
Galahad,"[('Liquidation', 4)]",105,127,45.258620689655174,False
Galahad,"[('Militech', 4)]",72,165,30.37974683544304,False
Galahad,"[('NUSA', 4)]",87,110,44.16243654822335,False
Galahad,"[('Newspaper', 4)]",106,145,42.23107569721115,False
Galahad,"[('OldRusty', 4)]",89,129,40.825688073394495,False
Galahad,"[('Purplestar', 4)]",105,123,46.05263157894737,False
Galahad,"[('Rainbow', 4)]",95,131,42.0353982300885,False
Galahad,"[('Rose', 4)]",103,139,42.561983471074385,False
Galahad,"[('Runic', 4)]",101,129,43.913043478260875,False
Galahad,"[('Snowflake', 4)]",98,117,45.58139534883721,False
Galahad,"[('Sovereign', 4)]",103,130,44.20600858369099,False
Galahad,"[('Tigris', 4)]",97,134,41.99134199134199,False
Gareth,"[('1987', 4)]",100,128,43.859649122807014,False
Gareth,"[('7891', 4)]",97,110,46.85990338164252,False
Gareth,"[('Arasaka', 4)]",100,107,48.309178743961354,False
Gareth,"[('Armydesert', 4)]",127,117,52.04918032786885,False
Gareth,"[('Armygreen', 4)]",99,120,45.20547945205479,False
Gareth,"[('Bamboo', 4)]",99,127,43.80530973451327,False
Gareth,"[('Cloud', 4)]",100,118,45.87155963302752,False
Gareth,"[('Cosmic', 4)]",92,114,44.66019417475729,False
Gareth,"[('Dawn', 4)]",101,127,44.29824561403509,False
Gareth,"[('Flute', 4)]",117,118,49.787234042553195,False
Gareth,"[('Freight', 4)]",115,114,50.21834061135371,False
Gareth,"[('Grassland', 4)]",104,118,46.846846846846844,False
Gareth,"[('KangTao', 4)]",121,106,53.30396475770925,False
Gareth,"[('Liquidation', 4)]",107,101,51.442307692307686,False
Gareth,"[('Militech', 4)]",77,134,36.492890995260666,False
Gareth,"[('NUSA', 4)]",111,115,49.11504424778761,False
Gareth,"[('Newspaper', 4)]",77,120,39.08629441624365,False
Gareth,"[('OldRusty', 4)]",90,131,40.723981900452486,False
Gareth,"[('Purplestar', 4)]",104,118,46.846846846846844,False
Gareth,"[('Rainbow', 4)]",100,110,47.61904761904761,False
Gareth,"[('Rose', 4)]",87,114,43.28358208955223,False
Gareth,"[('Runic', 4)]",113,126,47.28033472803347,False
Gareth,"[('Snowflake', 4)]",100,131,43.290043290043286,False
Gareth,"[('Sovereign', 4)]",118,120,49.57983193277311,False
Gareth,"[('Tigris', 4)]",105,153,40.69767441860465,False
Gawain,"[('1987', 4)]",115,112,50.66079295154186,False
Gawain,"[('7891', 4)]",100,112,47.16981132075472,False
Gawain,"[('Arasaka', 4)]",107,117,47.767857142857146,False
Gawain,"[('Armydesert', 4)]",98,135,42.06008583690987,False
Gawain,"[('Armygreen', 4)]",111,119,48.26086956521739,False
Gawain,"[('Bamboo', 4)]",126,119,51.42857142857142,False
Gawain,"[('Cloud', 4)]",100,123,44.843049327354265,False
Gawain,"[('Cosmic', 4)]",93,128,42.081447963800905,False
Gawain,"[('Dawn', 4)]",81,115,41.3265306122449,False
Gawain,"[('Flute', 4)]",101,119,45.909090909090914,False
Gawain,"[('Freight', 4)]",103,134,43.459915611814345,False
Gawain,"[('Grassland', 4)]",106,115,47.963800904977376,False
Gawain,"[('KangTao', 4)]",101,115,46.75925925925926,False
Gawain,"[('Liquidation', 4)]",87,123,41.42857142857143,False
Gawain,"[('Militech', 4)]",93,141,39.743589743589745,False
Gawain,"[('NUSA', 4)]",113,82,57.948717948717956,False
Gawain,"[('Newspaper', 4)]",110,126,46.61016949152542,False
Gawain,"[('OldRusty', 4)]",91,117,43.75,False
Gawain,"[('Purplestar', 4)]",110,117,48.458149779735685,False
Gawain,"[('Rainbow', 4)]",92,113,44.87804878048781,False
Gawain,"[('Rose', 4)]",95,124,43.37899543378995,False
Gawain,"[('Runic', 4)]",112,109,50.678733031674206,False
Gawain,"[('Snowflake', 4)]",95,128,42.600896860986545,False
Gawain,"[('Sovereign', 4)]",97,138,41.27659574468085,False
Gawain,"[('Tigris', 4)]",93,129,41.891891891891895,False
George,"[('1987', 4)]",108,100,51.92307692307693,False
George,"[('7891', 4)]",118,113,51.082251082251084,False
George,"[('Arasaka', 4)]",119,102,53.84615384615385,False
George,"[('Armydesert', 4)]",98,130,42.98245614035088,False
George,"[('Armygreen', 4)]",111,133,45.49180327868852,False
George,"[('Bamboo', 4)]",94,130,41.964285714285715,False
George,"[('Cloud', 4)]",104,115,47.48858447488584,False
George,"[('Cosmic', 4)]",94,121,43.72093023255814,False
George,"[('Dawn', 4)]",109,118,48.01762114537445,False
George,"[('Flute', 4)]",124,122,50.40650406504065,False
George,"[('Freight', 4)]",96,129,42.66666666666667,False
George,"[('Grassland', 4)]",90,117,43.47826086956522,False
George,"[('KangTao', 4)]",107,125,46.12068965517241,False
George,"[('Liquidation', 4)]",109,108,50.23041474654379,False
George,"[('Militech', 4)]",96,123,43.83561643835616,False
George,"[('NUSA', 4)]",130,82,61.32075471698113,False
George,"[('Newspaper', 4)]",116,107,52.01793721973094,False
George,"[('OldRusty', 4)]",107,112,48.858447488584474,False
George,"[('Purplestar', 4)]",120,113,51.50214592274678,False
George,"[('Rainbow', 4)]",115,118,49.35622317596567,False
George,"[('Rose', 4)]",115,124,48.11715481171548,False
George,"[('Runic', 4)]",129,108,54.43037974683544,False
George,"[('Snowflake', 4)]",125,123,50.403225806451616,False
George,"[('Sovereign', 4)]",122,107,53.275109170305676,False
George,"[('Tigris', 4)]",94,109,46.30541871921182,False
Glass,"[('1987', 4)]",106,94,53.0,False
Glass,"[('7891', 4)]",125,114,52.30125523012552,False
Glass,"[('Arasaka', 4)]",102,104,49.51456310679612,False
Glass,"[('Armydesert', 4)]",135,121,52.734375,False
Glass,"[('Armygreen', 4)]",115,96,54.502369668246445,False
Glass,"[('Bamboo', 4)]",104,102,50.48543689320388,False
Glass,"[('Cloud', 4)]",109,121,47.391304347826086,False
Glass,"[('Cosmic', 4)]",81,123,39.705882352941174,False
Glass,"[('Dawn', 4)]",110,129,46.02510460251046,False
Glass,"[('Flute', 4)]",94,108,46.53465346534654,False
Glass,"[('Freight', 4)]",111,121,47.8448275862069,False
Glass,"[('Grassland', 4)]",98,114,46.22641509433962,False
Glass,"[('KangTao', 4)]",106,101,51.20772946859904,False
Glass,"[('Liquidation', 4)]",137,101,57.56302521008403,False
Glass,"[('Militech', 4)]",101,128,44.10480349344978,False
Glass,"[('NUSA', 4)]",110,108,50.45871559633027,False
Glass,"[('Newspaper', 4)]",118,107,52.44444444444445,False
Glass,"[('OldRusty', 4)]",98,135,42.06008583690987,False
Glass,"[('Purplestar', 4)]",128,110,53.78151260504202,False
Glass,"[('Rainbow', 4)]",103,110,48.35680751173709,False
Glass,"[('Rose', 4)]",94,118,44.339622641509436,False
Glass,"[('Runic', 4)]",110,112,49.549549549549546,False
Glass,"[('Snowflake', 4)]",110,110,50.0,False
Glass,"[('Sovereign', 4)]",106,104,50.476190476190474,False
Glass,"[('Tigris', 4)]",101,103,49.50980392156863,False
Heracles,"[('1987', 4)]",113,115,49.56140350877193,False
Heracles,"[('7891', 4)]",129,103,55.603448275862064,False
Heracles,"[('Arasaka', 4)]",107,93,53.5,False
Heracles,"[('Armydesert', 4)]",113,90,55.66502463054187,False
Heracles,"[('Armygreen', 4)]",121,107,53.07017543859649,False
Heracles,"[('Bamboo', 4)]",117,105,52.702702702702695,False
Heracles,"[('Cloud', 4)]",107,112,48.858447488584474,False
Heracles,"[('Cosmic', 4)]",120,104,53.57142857142857,False
Heracles,"[('Dawn', 4)]",142,107,57.028112449799195,False
Heracles,"[('Flute', 4)]",148,85,63.519313304721024,False
Heracles,"[('Freight', 4)]",117,100,53.91705069124424,False
Heracles,"[('Grassland', 4)]",134,108,55.371900826446286,False
Heracles,"[('KangTao', 4)]",110,117,48.458149779735685,False
Heracles,"[('Liquidation', 4)]",108,92,54.0,False
Heracles,"[('Militech', 4)]",110,113,49.327354260089685,False
Heracles,"[('NUSA', 4)]",110,103,51.64319248826291,False
Heracles,"[('Newspaper', 4)]",109,125,46.58119658119658,False
Heracles,"[('OldRusty', 4)]",116,99,53.95348837209303,False
Heracles,"[('Purplestar', 4)]",110,121,47.61904761904761,False
Heracles,"[('Rainbow', 4)]",114,106,51.81818181818182,False
Heracles,"[('Rose', 4)]",106,94,53.0,False
Heracles,"[('Runic', 4)]",109,89,55.05050505050505,False
Heracles,"[('Snowflake', 4)]",125,97,56.30630630630631,False
Heracles,"[('Sovereign', 4)]",109,102,51.65876777251185,False
Heracles,"[('Tigris', 4)]",108,105,50.70422535211267,False
Imada,"[('1987', 4)]",111,127,46.63865546218487,False
Imada,"[('7891', 4)]",99,95,51.03092783505154,False
Imada,"[('Arasaka', 4)]",91,107,45.95959595959596,False
Imada,"[('Armydesert', 4)]",111,121,47.8448275862069,False
Imada,"[('Armygreen', 4)]",125,126,49.800796812749006,False
Imada,"[('Bamboo', 4)]",97,116,45.539906103286384,False
Imada,"[('Cloud', 4)]",101,110,47.867298578199055,False
Imada,"[('Cosmic', 4)]",108,137,44.08163265306123,False
Imada,"[('Dawn', 4)]",100,122,45.04504504504504,False
Imada,"[('Flute', 4)]",98,114,46.22641509433962,False
Imada,"[('Freight', 4)]",119,120,49.7907949790795,False
Imada,"[('Grassland', 4)]",107,121,46.92982456140351,False
Imada,"[('KangTao', 4)]",103,121,45.982142857142854,False
Imada,"[('Liquidation', 4)]",108,94,53.46534653465347,False
Imada,"[('Militech', 4)]",113,109,50.9009009009009,False
Imada,"[('NUSA', 4)]",104,124,45.614035087719294,False
Imada,"[('Newspaper', 4)]",91,117,43.75,False
Imada,"[('OldRusty', 4)]",118,121,49.37238493723849,False
Imada,"[('Purplestar', 4)]",113,137,45.2,False
Imada,"[('Rainbow', 4)]",115,129,47.13114754098361,False
Imada,"[('Rose', 4)]",101,128,44.10480349344978,False
Imada,"[('Runic', 4)]",107,105,50.47169811320755,False
Imada,"[('Snowflake', 4)]",116,90,56.310679611650485,False
Imada,"[('Sovereign', 4)]",83,125,39.90384615384615,False
Imada,"[('Tigris', 4)]",101,126,44.49339207048458,False
Inaba,"[('1987', 4)]",114,105,52.054794520547944,False
Inaba,"[('7891', 4)]",90,128,41.284403669724774,False
Inaba,"[('Arasaka', 4)]",97,115,45.75471698113208,False
Inaba,"[('Armydesert', 4)]",96,120,44.44444444444444,False
Inaba,"[('Armygreen', 4)]",89,105,45.876288659793815,False
Inaba,"[('Bamboo', 4)]",84,117,41.7910447761194,False
Inaba,"[('Cloud', 4)]",87,119,42.23300970873786,False
Inaba,"[('Cosmic', 4)]",88,119,42.51207729468599,False
Inaba,"[('Dawn', 4)]",81,115,41.3265306122449,False
Inaba,"[('Flute', 4)]",97,131,42.54385964912281,False
Inaba,"[('Freight', 4)]",86,111,43.65482233502538,False
Inaba,"[('Grassland', 4)]",103,127,44.78260869565218,False
Inaba,"[('KangTao', 4)]",101,125,44.690265486725664,False
Inaba,"[('Liquidation', 4)]",114,133,46.15384615384615,False
Inaba,"[('Militech', 4)]",82,123,40.0,False
Inaba,"[('NUSA', 4)]",106,110,49.074074074074076,False
Inaba,"[('Newspaper', 4)]",109,139,43.95161290322581,False
Inaba,"[('OldRusty', 4)]",108,102,51.42857142857142,False
Inaba,"[('Purplestar', 4)]",83,124,40.09661835748793,False
Inaba,"[('Rainbow', 4)]",90,113,44.33497536945813,False
Inaba,"[('Rose', 4)]",93,152,37.95918367346939,False
Inaba,"[('Runic', 4)]",88,133,39.81900452488688,False
Inaba,"[('Snowflake', 4)]",92,108,46.0,False
Inaba,"[('Sovereign', 4)]",78,136,36.44859813084112,False
Inaba,"[('Tigris', 4)]",74,134,35.57692307692308,False
Iris,"[('1987', 4)]",113,98,53.55450236966824,False
Iris,"[('7891', 4)]",121,100,54.75113122171946,False
Iris,"[('Arasaka', 4)]",114,112,50.442477876106196,False
Iris,"[('Armydesert', 4)]",127,108,54.04255319148936,False
Iris,"[('Armygreen', 4)]",121,102,54.26008968609865,False
Iris,"[('Bamboo', 4)]",96,96,50.0,False
Iris,"[('Cloud', 4)]",112,110,50.45045045045045,False
Iris,"[('Cosmic', 4)]",106,118,47.32142857142857,False
Iris,"[('Dawn', 4)]",99,89,52.659574468085104,False
Iris,"[('Flute', 4)]",117,111,51.31578947368421,False
Iris,"[('Freight', 4)]",114,109,51.12107623318386,False
Iris,"[('Grassland', 4)]",114,117,49.35064935064935,False
Iris,"[('KangTao', 4)]",115,115,50.0,False
Iris,"[('Liquidation', 4)]",116,119,49.361702127659576,False
Iris,"[('Militech', 4)]",117,107,52.23214285714286,False
Iris,"[('NUSA', 4)]",124,105,54.14847161572053,False
Iris,"[('Newspaper', 4)]",102,105,49.275362318840585,False
Iris,"[('OldRusty', 4)]",101,116,46.54377880184332,False
Iris,"[('Purplestar', 4)]",107,100,51.690821256038646,False
Iris,"[('Rainbow', 4)]",100,108,48.07692307692308,False
Iris,"[('Rose', 4)]",101,117,46.330275229357795,False
Iris,"[('Runic', 4)]",118,100,54.12844036697248,False
Iris,"[('Snowflake', 4)]",103,105,49.519230769230774,False
Iris,"[('Sovereign', 4)]",112,118,48.69565217391305,False
Iris,"[('Tigris', 4)]",108,101,51.674641148325364,False
Jerry,"[('1987', 4)]",133,95,58.333333333333336,False
Jerry,"[('7891', 4)]",130,92,58.55855855855856,False
Jerry,"[('Arasaka', 4)]",130,90,59.09090909090909,False
Jerry,"[('Armydesert', 4)]",126,105,54.54545454545454,False
Jerry,"[('Armygreen', 4)]",119,102,53.84615384615385,False
Jerry,"[('Bamboo', 4)]",89,111,44.5,False
Jerry,"[('Cloud', 4)]",136,95,58.87445887445888,False
Jerry,"[('Cosmic', 4)]",137,131,51.11940298507462,False
Jerry,"[('Dawn', 4)]",111,95,53.883495145631066,False
Jerry,"[('Flute', 4)]",120,114,51.28205128205128,False
Jerry,"[('Freight', 4)]",118,111,51.52838427947598,False
Jerry,"[('Grassland', 4)]",102,106,49.03846153846153,False
Jerry,"[('KangTao', 4)]",112,105,51.61290322580645,False
Jerry,"[('Liquidation', 4)]",140,94,59.82905982905983,False
Jerry,"[('Militech', 4)]",118,110,51.75438596491229,False
Jerry,"[('NUSA', 4)]",132,99,57.14285714285714,False
Jerry,"[('Newspaper', 4)]",125,110,53.191489361702125,False
Jerry,"[('OldRusty', 4)]",120,109,52.40174672489083,False
Jerry,"[('Purplestar', 4)]",118,116,50.427350427350426,False
Jerry,"[('Rainbow', 4)]",96,101,48.73096446700508,False
Jerry,"[('Rose', 4)]",120,109,52.40174672489083,False
Jerry,"[('Runic', 4)]",114,114,50.0,False
Jerry,"[('Snowflake', 4)]",117,96,54.929577464788736,False
Jerry,"[('Sovereign', 4)]",114,108,51.35135135135135,False
Jerry,"[('Tigris', 4)]",112,120,48.275862068965516,False
Jingke,"[('1987', 4)]",93,141,39.743589743589745,False
Jingke,"[('7891', 4)]",96,118,44.85981308411215,False
Jingke,"[('Arasaka', 4)]",88,133,39.81900452488688,False
Jingke,"[('Armydesert', 4)]",90,126,41.66666666666667,False
Jingke,"[('Armygreen', 4)]",98,129,43.17180616740088,False
Jingke,"[('Bamboo', 4)]",120,111,51.94805194805194,False
Jingke,"[('Cloud', 4)]",85,141,37.610619469026545,False
Jingke,"[('Cosmic', 4)]",88,131,40.182648401826484,False
Jingke,"[('Dawn', 4)]",103,131,44.01709401709402,False
Jingke,"[('Flute', 4)]",86,141,37.88546255506608,False
Jingke,"[('Freight', 4)]",109,133,45.04132231404959,False
Jingke,"[('Grassland', 4)]",86,136,38.73873873873874,False
Jingke,"[('KangTao', 4)]",101,130,43.722943722943725,False
Jingke,"[('Liquidation', 4)]",80,125,39.02439024390244,False
Jingke,"[('Militech', 4)]",93,123,43.05555555555556,False
Jingke,"[('NUSA', 4)]",95,109,46.568627450980394,False
Jingke,"[('Newspaper', 4)]",100,141,41.49377593360996,False
Jingke,"[('OldRusty', 4)]",85,117,42.07920792079208,False
Jingke,"[('Purplestar', 4)]",88,130,40.36697247706422,False
Jingke,"[('Rainbow', 4)]",86,127,40.375586854460096,False
Jingke,"[('Rose', 4)]",83,126,39.71291866028708,False
Jingke,"[('Runic', 4)]",102,140,42.14876033057851,False
Jingke,"[('Snowflake', 4)]",102,133,43.40425531914894,False
Jingke,"[('Sovereign', 4)]",88,135,39.46188340807175,False
Jingke,"[('Tigris', 4)]",93,125,42.6605504587156,False
Joe,"[('1987', 4)]",100,118,45.87155963302752,False
Joe,"[('7891', 4)]",94,110,46.07843137254902,False
Joe,"[('Arasaka', 4)]",99,115,46.26168224299065,False
Joe,"[('Armydesert', 4)]",91,122,42.72300469483568,False
Joe,"[('Armygreen', 4)]",89,126,41.3953488372093,False
Joe,"[('Bamboo', 4)]",102,139,42.32365145228216,False
Joe,"[('Cloud', 4)]",87,132,39.726027397260275,False
Joe,"[('Cosmic', 4)]",97,148,39.59183673469388,False
Joe,"[('Dawn', 4)]",98,129,43.17180616740088,False
Joe,"[('Flute', 4)]",95,135,41.30434782608695,False
Joe,"[('Freight', 4)]",107,114,48.41628959276018,False
Joe,"[('Grassland', 4)]",104,126,45.21739130434783,False
Joe,"[('KangTao', 4)]",102,151,40.316205533596836,False
Joe,"[('Liquidation', 4)]",90,140,39.130434782608695,False
Joe,"[('Militech', 4)]",74,133,35.748792270531396,False
Joe,"[('NUSA', 4)]",97,111,46.63461538461539,False
Joe,"[('Newspaper', 4)]",85,129,39.719626168224295,False
Joe,"[('OldRusty', 4)]",95,144,39.74895397489539,False
Joe,"[('Purplestar', 4)]",85,120,41.46341463414634,False
Joe,"[('Rainbow', 4)]",95,150,38.775510204081634,False
Joe,"[('Rose', 4)]",82,140,36.93693693693694,False
Joe,"[('Runic', 4)]",85,137,38.288288288288285,False
Joe,"[('Snowflake', 4)]",90,130,40.909090909090914,False
Joe,"[('Sovereign', 4)]",94,124,43.11926605504588,False
Joe,"[('Tigris', 4)]",71,131,35.148514851485146,False
Kyle,"[('1987', 4)]",112,104,51.85185185185185,False
Kyle,"[('7891', 4)]",135,136,49.815498154981555,False
Kyle,"[('Arasaka', 4)]",126,119,51.42857142857142,False
Kyle,"[('Armydesert', 4)]",114,93,55.072463768115945,False
Kyle,"[('Armygreen', 4)]",111,100,52.60663507109005,False
Kyle,"[('Bamboo', 4)]",107,129,45.33898305084746,False
Kyle,"[('Cloud', 4)]",96,113,45.933014354066984,False
Kyle,"[('Cosmic', 4)]",103,109,48.58490566037736,False
Kyle,"[('Dawn', 4)]",99,128,43.61233480176212,False
Kyle,"[('Flute', 4)]",93,121,43.45794392523364,False
Kyle,"[('Freight', 4)]",116,118,49.572649572649574,False
Kyle,"[('Grassland', 4)]",100,104,49.01960784313725,False
Kyle,"[('KangTao', 4)]",136,117,53.75494071146245,False
Kyle,"[('Liquidation', 4)]",108,111,49.31506849315068,False
Kyle,"[('Militech', 4)]",104,112,48.148148148148145,False
Kyle,"[('NUSA', 4)]",110,100,52.38095238095239,False
Kyle,"[('Newspaper', 4)]",110,117,48.458149779735685,False
Kyle,"[('OldRusty', 4)]",95,117,44.81132075471698,False
Kyle,"[('Purplestar', 4)]",96,109,46.82926829268293,False
Kyle,"[('Rainbow', 4)]",96,103,48.24120603015075,False
Kyle,"[('Rose', 4)]",114,113,50.22026431718062,False
Kyle,"[('Runic', 4)]",106,109,49.30232558139535,False
Kyle,"[('Snowflake', 4)]",105,117,47.2972972972973,False
Kyle,"[('Sovereign', 4)]",116,122,48.739495798319325,False
Kyle,"[('Tigris', 4)]",112,123,47.65957446808511,False
Lancelot,"[('1987', 4)]",103,118,46.60633484162896,False
Lancelot,"[('7891', 4)]",110,100,52.38095238095239,False
Lancelot,"[('Arasaka', 4)]",126,104,54.78260869565217,False
Lancelot,"[('Armydesert', 4)]",112,124,47.45762711864407,False
Lancelot,"[('Armygreen', 4)]",133,97,57.826086956521735,False
Lancelot,"[('Bamboo', 4)]",125,92,57.6036866359447,False
Lancelot,"[('Cloud', 4)]",144,125,53.53159851301115,False
Lancelot,"[('Cosmic', 4)]",103,109,48.58490566037736,False
Lancelot,"[('Dawn', 4)]",128,118,52.03252032520326,False
Lancelot,"[('Flute', 4)]",138,97,58.723404255319146,False
Lancelot,"[('Freight', 4)]",110,104,51.4018691588785,False
Lancelot,"[('Grassland', 4)]",114,109,51.12107623318386,False
Lancelot,"[('KangTao', 4)]",116,114,50.43478260869565,False
Lancelot,"[('Liquidation', 4)]",140,107,56.68016194331984,False
Lancelot,"[('Militech', 4)]",118,119,49.789029535864984,False
Lancelot,"[('NUSA', 4)]",132,90,59.45945945945946,False
Lancelot,"[('Newspaper', 4)]",103,114,47.465437788018434,False
Lancelot,"[('OldRusty', 4)]",107,104,50.71090047393365,False
Lancelot,"[('Purplestar', 4)]",120,129,48.19277108433735,False
Lancelot,"[('Rainbow', 4)]",114,115,49.78165938864629,False
Lancelot,"[('Rose', 4)]",124,104,54.385964912280706,False
Lancelot,"[('Runic', 4)]",95,107,47.02970297029702,False
Lancelot,"[('Snowflake', 4)]",129,115,52.86885245901639,False
Lancelot,"[('Sovereign', 4)]",133,120,52.569169960474305,False
Lancelot,"[('Tigris', 4)]",103,110,48.35680751173709,False
LenpoOG,"[('1987', 4)]",145,93,60.924369747899156,False
LenpoOG,"[('7891', 4)]",135,119,53.14960629921261,False
LenpoOG,"[('Arasaka', 4)]",105,96,52.23880597014925,False
LenpoOG,"[('Armydesert', 4)]",117,93,55.714285714285715,False
LenpoOG,"[('Armygreen', 4)]",135,96,58.44155844155844,False
LenpoOG,"[('Bamboo', 4)]",123,102,54.666666666666664,False
LenpoOG,"[('Cloud', 4)]",99,138,41.77215189873418,False
LenpoOG,"[('Cosmic', 4)]",103,94,52.28426395939086,False
LenpoOG,"[('Dawn', 4)]",138,92,60.0,False
LenpoOG,"[('Flute', 4)]",109,116,48.44444444444444,False
LenpoOG,"[('Freight', 4)]",104,96,52.0,False
LenpoOG,"[('Grassland', 4)]",114,118,49.137931034482754,False
LenpoOG,"[('KangTao', 4)]",106,108,49.532710280373834,False
LenpoOG,"[('Liquidation', 4)]",123,125,49.596774193548384,False
LenpoOG,"[('Militech', 4)]",97,131,42.54385964912281,False
LenpoOG,"[('NUSA', 4)]",126,123,50.602409638554214,False
LenpoOG,"[('Newspaper', 4)]",98,98,50.0,False
LenpoOG,"[('OldRusty', 4)]",111,96,53.62318840579711,False
LenpoOG,"[('Purplestar', 4)]",115,98,53.990610328638496,False
LenpoOG,"[('Rainbow', 4)]",95,108,46.79802955665024,False
LenpoOG,"[('Rose', 4)]",115,108,51.569506726457405,False
LenpoOG,"[('Runic', 4)]",144,102,58.536585365853654,False
LenpoOG,"[('Snowflake', 4)]",103,131,44.01709401709402,False
LenpoOG,"[('Sovereign', 4)]",106,107,49.76525821596244,False
LenpoOG,"[('Tigris', 4)]",105,117,47.2972972972973,False
Lenpo,"[('1987', 4)]",99,87,53.2258064516129,False
Lenpo,"[('7891', 4)]",126,92,57.798165137614674,False
Lenpo,"[('Arasaka', 4)]",100,102,49.504950495049506,False
Lenpo,"[('Armydesert', 4)]",117,105,52.702702702702695,False
Lenpo,"[('Armygreen', 4)]",119,104,53.36322869955157,False
Lenpo,"[('Bamboo', 4)]",102,116,46.788990825688074,False
Lenpo,"[('Cloud', 4)]",103,116,47.03196347031963,False
Lenpo,"[('Cosmic', 4)]",105,87,54.6875,False
Lenpo,"[('Dawn', 4)]",129,104,55.36480686695279,False
Lenpo,"[('Flute', 4)]",98,116,45.794392523364486,False
Lenpo,"[('Freight', 4)]",109,114,48.87892376681614,False
Lenpo,"[('Grassland', 4)]",109,112,49.321266968325794,False
Lenpo,"[('KangTao', 4)]",110,113,49.327354260089685,False
Lenpo,"[('Liquidation', 4)]",103,106,49.282296650717704,False
Lenpo,"[('Militech', 4)]",97,91,51.59574468085106,False
Lenpo,"[('NUSA', 4)]",113,119,48.706896551724135,False
Lenpo,"[('Newspaper', 4)]",106,100,51.45631067961165,False
Lenpo,"[('OldRusty', 4)]",111,102,52.112676056338024,False
Lenpo,"[('Purplestar', 4)]",109,115,48.660714285714285,False
Lenpo,"[('Rainbow', 4)]",88,111,44.221105527638194,False
Lenpo,"[('Rose', 4)]",119,95,55.60747663551402,False
Lenpo,"[('Runic', 4)]",111,97,53.36538461538461,False
Lenpo,"[('Snowflake', 4)]",103,104,49.75845410628019,False
Lenpo,"[('Sovereign', 4)]",115,112,50.66079295154186,False
Lenpo,"[('Tigris', 4)]",106,133,44.35146443514644,False
Lester,"[('1987', 4)]",102,111,47.88732394366197,False
Lester,"[('7891', 4)]",117,111,51.31578947368421,False
Lester,"[('Arasaka', 4)]",107,96,52.70935960591133,False
Lester,"[('Armydesert', 4)]",102,136,42.857142857142854,False
Lester,"[('Armygreen', 4)]",86,125,40.758293838862556,False
Lester,"[('Bamboo', 4)]",116,140,45.3125,False
Lester,"[('Cloud', 4)]",80,120,40.0,False
Lester,"[('Cosmic', 4)]",98,134,42.241379310344826,False
Lester,"[('Dawn', 4)]",83,143,36.72566371681416,False
Lester,"[('Flute', 4)]",93,138,40.25974025974026,False
Lester,"[('Freight', 4)]",81,118,40.7035175879397,False
Lester,"[('Grassland', 4)]",90,128,41.284403669724774,False
Lester,"[('KangTao', 4)]",97,134,41.99134199134199,False
Lester,"[('Liquidation', 4)]",103,129,44.396551724137936,False
Lester,"[('Militech', 4)]",100,137,42.19409282700422,False
Lester,"[('NUSA', 4)]",86,124,40.95238095238095,False
Lester,"[('Newspaper', 4)]",102,136,42.857142857142854,False
Lester,"[('OldRusty', 4)]",67,135,33.16831683168317,False
Lester,"[('Purplestar', 4)]",78,114,40.625,False
Lester,"[('Rainbow', 4)]",102,111,47.88732394366197,False
Lester,"[('Rose', 4)]",79,129,37.980769230769226,False
Lester,"[('Runic', 4)]",98,113,46.44549763033176,False
Lester,"[('Snowflake', 4)]",108,127,45.95744680851064,False
Lester,"[('Sovereign', 4)]",96,123,43.83561643835616,False
Lester,"[('Tigris', 4)]",96,122,44.03669724770643,False
Lillia,"[('1987', 4)]",107,111,49.08256880733945,False
Lillia,"[('7891', 4)]",112,120,48.275862068965516,False
Lillia,"[('Arasaka', 4)]",90,144,38.46153846153847,False
Lillia,"[('Armydesert', 4)]",97,113,46.19047619047619,False
Lillia,"[('Armygreen', 4)]",116,127,47.73662551440329,False
Lillia,"[('Bamboo', 4)]",108,119,47.57709251101321,False
Lillia,"[('Cloud', 4)]",87,142,37.99126637554585,False
Lillia,"[('Cosmic', 4)]",111,104,51.627906976744185,False
Lillia,"[('Dawn', 4)]",115,110,51.11111111111111,False
Lillia,"[('Flute', 4)]",90,120,42.857142857142854,False
Lillia,"[('Freight', 4)]",92,121,43.1924882629108,False
Lillia,"[('Grassland', 4)]",99,123,44.5945945945946,False
Lillia,"[('KangTao', 4)]",92,124,42.592592592592595,False
Lillia,"[('Liquidation', 4)]",96,132,42.10526315789473,False
Lillia,"[('Militech', 4)]",80,112,41.66666666666667,False
Lillia,"[('NUSA', 4)]",105,106,49.763033175355446,False
Lillia,"[('Newspaper', 4)]",109,125,46.58119658119658,False
Lillia,"[('OldRusty', 4)]",101,114,46.97674418604651,False
Lillia,"[('Purplestar', 4)]",82,129,38.862559241706165,False
Lillia,"[('Rainbow', 4)]",97,136,41.63090128755365,False
Lillia,"[('Rose', 4)]",101,143,41.39344262295082,False
Lillia,"[('Runic', 4)]",100,125,44.44444444444444,False
Lillia,"[('Snowflake', 4)]",99,115,46.26168224299065,False
Lillia,"[('Sovereign', 4)]",117,123,48.75,False
Lillia,"[('Tigris', 4)]",99,118,45.622119815668206,False
Lu,"[('1987', 4)]",100,114,46.728971962616825,False
Lu,"[('7891', 4)]",107,119,47.34513274336283,False
Lu,"[('Arasaka', 4)]",93,115,44.71153846153847,False
Lu,"[('Armydesert', 4)]",99,129,43.42105263157895,False
Lu,"[('Armygreen', 4)]",96,116,45.28301886792453,False
Lu,"[('Bamboo', 4)]",89,122,42.18009478672986,False
Lu,"[('Cloud', 4)]",111,116,48.89867841409692,False
Lu,"[('Cosmic', 4)]",94,128,42.34234234234234,False
Lu,"[('Dawn', 4)]",100,144,40.98360655737705,False
Lu,"[('Flute', 4)]",88,132,40.0,False
Lu,"[('Freight', 4)]",105,115,47.72727272727273,False
Lu,"[('Grassland', 4)]",87,118,42.4390243902439,False
Lu,"[('KangTao', 4)]",96,130,42.47787610619469,False
Lu,"[('Liquidation', 4)]",107,110,49.30875576036866,False
Lu,"[('Militech', 4)]",86,115,42.78606965174129,False
Lu,"[('NUSA', 4)]",101,96,51.26903553299492,False
Lu,"[('Newspaper', 4)]",87,130,40.09216589861751,False
Lu,"[('OldRusty', 4)]",90,143,38.62660944206009,False
Lu,"[('Purplestar', 4)]",92,127,42.00913242009132,False
Lu,"[('Rainbow', 4)]",96,121,44.23963133640553,False
Lu,"[('Rose', 4)]",86,135,38.91402714932127,False
Lu,"[('Runic', 4)]",97,140,40.92827004219409,False
Lu,"[('Snowflake', 4)]",98,126,43.75,False
Lu,"[('Sovereign', 4)]",69,122,36.12565445026178,False
Lu,"[('Tigris', 4)]",90,132,40.54054054054054,False
Luna,"[('1987', 4)]",108,115,48.4304932735426,False
Luna,"[('7891', 4)]",109,117,48.23008849557522,False
Luna,"[('Arasaka', 4)]",96,113,45.933014354066984,False
Luna,"[('Armydesert', 4)]",106,94,53.0,False
Luna,"[('Armygreen', 4)]",149,94,61.31687242798354,False
Luna,"[('Bamboo', 4)]",95,106,47.2636815920398,False
Luna,"[('Cloud', 4)]",108,109,49.76958525345622,False
Luna,"[('Cosmic', 4)]",116,98,54.20560747663551,False
Luna,"[('Dawn', 4)]",119,104,53.36322869955157,False
Luna,"[('Flute', 4)]",99,102,49.25373134328358,False
Luna,"[('Freight', 4)]",115,109,51.33928571428571,False
Luna,"[('Grassland', 4)]",115,141,44.921875,False
Luna,"[('KangTao', 4)]",103,114,47.465437788018434,False
Luna,"[('Liquidation', 4)]",124,105,54.14847161572053,False
Luna,"[('Militech', 4)]",101,128,44.10480349344978,False
Luna,"[('NUSA', 4)]",129,104,55.36480686695279,False
Luna,"[('Newspaper', 4)]",116,131,46.963562753036435,False
Luna,"[('OldRusty', 4)]",95,124,43.37899543378995,False
Luna,"[('Purplestar', 4)]",132,92,58.92857142857143,False
Luna,"[('Rainbow', 4)]",92,108,46.0,False
Luna,"[('Rose', 4)]",113,118,48.917748917748916,False
Luna,"[('Runic', 4)]",120,112,51.724137931034484,False
Luna,"[('Snowflake', 4)]",119,108,52.42290748898678,False
Luna,"[('Sovereign', 4)]",116,108,51.78571428571429,False
Luna,"[('Tigris', 4)]",113,110,50.672645739910315,False
Martin,"[('1987', 4)]",94,132,41.5929203539823,False
Martin,"[('7891', 4)]",110,127,46.41350210970464,False
Martin,"[('Arasaka', 4)]",101,131,43.53448275862069,False
Martin,"[('Armydesert', 4)]",95,128,42.600896860986545,False
Martin,"[('Armygreen', 4)]",103,127,44.78260869565218,False
Martin,"[('Bamboo', 4)]",99,143,40.909090909090914,False
Martin,"[('Cloud', 4)]",107,130,45.14767932489451,False
Martin,"[('Cosmic', 4)]",83,128,39.33649289099526,False
Martin,"[('Dawn', 4)]",90,102,46.875,False
Martin,"[('Flute', 4)]",88,125,41.31455399061033,False
Martin,"[('Freight', 4)]",99,130,43.23144104803494,False
Martin,"[('Grassland', 4)]",103,130,44.20600858369099,False
Martin,"[('KangTao', 4)]",100,119,45.662100456621005,False
Martin,"[('Liquidation', 4)]",96,114,45.714285714285715,False
Martin,"[('Militech', 4)]",105,127,45.258620689655174,False
Martin,"[('NUSA', 4)]",97,128,43.111111111111114,False
Martin,"[('Newspaper', 4)]",104,118,46.846846846846844,False
Martin,"[('OldRusty', 4)]",81,113,41.75257731958763,False
Martin,"[('Purplestar', 4)]",92,127,42.00913242009132,False
Martin,"[('Rainbow', 4)]",84,135,38.35616438356164,False
Martin,"[('Rose', 4)]",79,142,35.74660633484163,False
Martin,"[('Runic', 4)]",92,142,39.31623931623932,False
Martin,"[('Snowflake', 4)]",77,108,41.62162162162162,False
Martin,"[('Sovereign', 4)]",93,127,42.27272727272727,False
Martin,"[('Tigris', 4)]",83,117,41.5,False
Mitsuki,"[('1987', 4)]",107,126,45.92274678111588,False
Mitsuki,"[('7891', 4)]",112,106,51.37614678899083,False
Mitsuki,"[('Arasaka', 4)]",111,114,49.333333333333336,False
Mitsuki,"[('Armydesert', 4)]",99,107,48.05825242718447,False
Mitsuki,"[('Armygreen', 4)]",100,97,50.76142131979695,False
Mitsuki,"[('Bamboo', 4)]",95,130,42.22222222222222,False
Mitsuki,"[('Cloud', 4)]",86,135,38.91402714932127,False
Mitsuki,"[('Cosmic', 4)]",105,113,48.1651376146789,False
Mitsuki,"[('Dawn', 4)]",110,125,46.808510638297875,False
Mitsuki,"[('Flute', 4)]",130,97,57.268722466960355,False
Mitsuki,"[('Freight', 4)]",115,127,47.5206611570248,False
Mitsuki,"[('Grassland', 4)]",105,110,48.837209302325576,False
Mitsuki,"[('KangTao', 4)]",82,122,40.19607843137255,False
Mitsuki,"[('Liquidation', 4)]",99,108,47.82608695652174,False
Mitsuki,"[('Militech', 4)]",105,118,47.08520179372198,False
Mitsuki,"[('NUSA', 4)]",115,107,51.80180180180181,False
Mitsuki,"[('Newspaper', 4)]",95,125,43.18181818181818,False
Mitsuki,"[('OldRusty', 4)]",98,129,43.17180616740088,False
Mitsuki,"[('Purplestar', 4)]",129,120,51.80722891566265,False
Mitsuki,"[('Rainbow', 4)]",106,121,46.69603524229075,False
Mitsuki,"[('Rose', 4)]",101,114,46.97674418604651,False
Mitsuki,"[('Runic', 4)]",91,102,47.15025906735752,False
Mitsuki,"[('Snowflake', 4)]",116,124,48.333333333333336,False
Mitsuki,"[('Sovereign', 4)]",99,114,46.478873239436616,False
Mitsuki,"[('Tigris', 4)]",88,127,40.93023255813954,False
Moe,"[('1987', 4)]",112,103,52.093023255813954,False
Moe,"[('7891', 4)]",112,122,47.863247863247864,False
Moe,"[('Arasaka', 4)]",108,99,52.17391304347826,False
Moe,"[('Armydesert', 4)]",112,112,50.0,False
Moe,"[('Armygreen', 4)]",111,101,52.358490566037744,False
Moe,"[('Bamboo', 4)]",126,127,49.80237154150198,False
Moe,"[('Cloud', 4)]",114,117,49.35064935064935,False
Moe,"[('Cosmic', 4)]",96,122,44.03669724770643,False
Moe,"[('Dawn', 4)]",108,120,47.368421052631575,False
Moe,"[('Flute', 4)]",94,112,45.63106796116505,False
Moe,"[('Freight', 4)]",113,104,52.07373271889401,False
Moe,"[('Grassland', 4)]",108,118,47.78761061946903,False
Moe,"[('KangTao', 4)]",105,124,45.851528384279476,False
Moe,"[('Liquidation', 4)]",115,115,50.0,False
Moe,"[('Militech', 4)]",112,157,41.63568773234201,False
Moe,"[('NUSA', 4)]",113,113,50.0,False
Moe,"[('Newspaper', 4)]",103,126,44.97816593886463,False
Moe,"[('OldRusty', 4)]",105,119,46.875,False
Moe,"[('Purplestar', 4)]",114,108,51.35135135135135,False
Moe,"[('Rainbow', 4)]",106,132,44.537815126050425,False
Moe,"[('Rose', 4)]",100,118,45.87155963302752,False
Moe,"[('Runic', 4)]",134,98,57.758620689655174,False
Moe,"[('Snowflake', 4)]",110,120,47.82608695652174,False
Moe,"[('Sovereign', 4)]",116,97,54.460093896713616,False
Moe,"[('Tigris', 4)]",104,127,45.02164502164502,False
Nata,"[('1987', 4)]",131,103,55.98290598290598,False
Nata,"[('7891', 4)]",128,98,56.63716814159292,False
Nata,"[('Arasaka', 4)]",115,99,53.73831775700935,False
Nata,"[('Armydesert', 4)]",118,100,54.12844036697248,False
Nata,"[('Armygreen', 4)]",124,122,50.40650406504065,False
Nata,"[('Bamboo', 4)]",106,101,51.20772946859904,False
Nata,"[('Cloud', 4)]",92,117,44.01913875598086,False
Nata,"[('Cosmic', 4)]",131,77,62.980769230769226,False
Nata,"[('Dawn', 4)]",100,104,49.01960784313725,False
Nata,"[('Flute', 4)]",97,125,43.69369369369369,False
Nata,"[('Freight', 4)]",153,62,71.16279069767441,False
Nata,"[('Grassland', 4)]",93,106,46.733668341708544,False
Nata,"[('KangTao', 4)]",97,110,46.85990338164252,False
Nata,"[('Liquidation', 4)]",104,108,49.056603773584904,False
Nata,"[('Militech', 4)]",93,100,48.18652849740933,False
Nata,"[('NUSA', 4)]",113,109,50.9009009009009,False
Nata,"[('Newspaper', 4)]",142,103,57.95918367346938,False
Nata,"[('OldRusty', 4)]",105,113,48.1651376146789,False
Nata,"[('Purplestar', 4)]",103,114,47.465437788018434,False
Nata,"[('Rainbow', 4)]",110,111,49.7737556561086,False
Nata,"[('Rose', 4)]",106,101,51.20772946859904,False
Nata,"[('Runic', 4)]",112,83,57.43589743589743,False
Nata,"[('Snowflake', 4)]",129,86,60.0,False
Nata,"[('Sovereign', 4)]",113,96,54.066985645933016,False
Nata,"[('Tigris', 4)]",105,103,50.480769230769226,False
Niles,"[('1987', 4)]",104,115,47.48858447488584,False
Niles,"[('7891', 4)]",112,127,46.86192468619247,False
Niles,"[('Arasaka', 4)]",106,123,46.288209606986904,False
Niles,"[('Armydesert', 4)]",104,120,46.42857142857143,False
Niles,"[('Armygreen', 4)]",102,112,47.66355140186916,False
Niles,"[('Bamboo', 4)]",121,128,48.59437751004016,False
Niles,"[('Cloud', 4)]",88,107,45.12820512820513,False
Niles,"[('Cosmic', 4)]",90,139,39.30131004366812,False
Niles,"[('Dawn', 4)]",76,139,35.348837209302324,False
Niles,"[('Flute', 4)]",98,111,46.889952153110045,False
Niles,"[('Freight', 4)]",101,95,51.53061224489795,False
Niles,"[('Grassland', 4)]",79,123,39.10891089108911,False
Niles,"[('KangTao', 4)]",116,114,50.43478260869565,False
Niles,"[('Liquidation', 4)]",105,94,52.76381909547738,False
Niles,"[('Militech', 4)]",79,136,36.74418604651163,False
Niles,"[('NUSA', 4)]",124,132,48.4375,False
Niles,"[('Newspaper', 4)]",92,112,45.09803921568628,False
Niles,"[('OldRusty', 4)]",89,157,36.17886178861789,False
Niles,"[('Purplestar', 4)]",108,118,47.78761061946903,False
Niles,"[('Rainbow', 4)]",114,140,44.881889763779526,False
Niles,"[('Rose', 4)]",80,130,38.095238095238095,False
Niles,"[('Runic', 4)]",112,125,47.257383966244724,False
Niles,"[('Snowflake', 4)]",97,126,43.49775784753363,False
Niles,"[('Sovereign', 4)]",119,119,50.0,False
Niles,"[('Tigris', 4)]",99,133,42.672413793103445,False
NobutunaAL,"[('1987', 4)]",97,125,43.69369369369369,False
NobutunaAL,"[('7891', 4)]",109,117,48.23008849557522,False
NobutunaAL,"[('Arasaka', 4)]",120,117,50.63291139240506,False
NobutunaAL,"[('Armydesert', 4)]",90,116,43.689320388349515,False
NobutunaAL,"[('Armygreen', 4)]",98,96,50.51546391752577,False
NobutunaAL,"[('Bamboo', 4)]",85,137,38.288288288288285,False
NobutunaAL,"[('Cloud', 4)]",106,112,48.62385321100918,False
NobutunaAL,"[('Cosmic', 4)]",97,118,45.11627906976744,False
NobutunaAL,"[('Dawn', 4)]",112,144,43.75,False
NobutunaAL,"[('Flute', 4)]",101,106,48.792270531400966,False
NobutunaAL,"[('Freight', 4)]",105,139,43.0327868852459,False
NobutunaAL,"[('Grassland', 4)]",104,115,47.48858447488584,False
NobutunaAL,"[('KangTao', 4)]",92,125,42.3963133640553,False
NobutunaAL,"[('Liquidation', 4)]",101,114,46.97674418604651,False
NobutunaAL,"[('Militech', 4)]",102,125,44.93392070484582,False
NobutunaAL,"[('NUSA', 4)]",135,113,54.43548387096774,False
NobutunaAL,"[('Newspaper', 4)]",88,121,42.10526315789473,False
NobutunaAL,"[('OldRusty', 4)]",93,108,46.26865671641791,False
NobutunaAL,"[('Purplestar', 4)]",116,120,49.152542372881356,False
NobutunaAL,"[('Rainbow', 4)]",105,124,45.851528384279476,False
NobutunaAL,"[('Rose', 4)]",93,128,42.081447963800905,False
NobutunaAL,"[('Runic', 4)]",85,123,40.86538461538461,False
NobutunaAL,"[('Snowflake', 4)]",108,124,46.55172413793103,False
NobutunaAL,"[('Sovereign', 4)]",105,137,43.388429752066116,False
NobutunaAL,"[('Tigris', 4)]",108,118,47.78761061946903,False
Nobutuna,"[('1987', 4)]",102,102,50.0,False
Nobutuna,"[('7891', 4)]",121,94,56.27906976744186,False
Nobutuna,"[('Arasaka', 4)]",100,99,50.25125628140703,False
Nobutuna,"[('Armydesert', 4)]",112,113,49.77777777777778,False
Nobutuna,"[('Armygreen', 4)]",118,124,48.760330578512395,False
Nobutuna,"[('Bamboo', 4)]",128,107,54.46808510638298,False
Nobutuna,"[('Cloud', 4)]",98,102,49.0,False
Nobutuna,"[('Cosmic', 4)]",107,110,49.30875576036866,False
Nobutuna,"[('Dawn', 4)]",110,115,48.888888888888886,False
Nobutuna,"[('Flute', 4)]",111,123,47.43589743589743,False
Nobutuna,"[('Freight', 4)]",115,106,52.03619909502263,False
Nobutuna,"[('Grassland', 4)]",100,105,48.78048780487805,False
Nobutuna,"[('KangTao', 4)]",116,117,49.78540772532189,False
Nobutuna,"[('Liquidation', 4)]",107,104,50.71090047393365,False
Nobutuna,"[('Militech', 4)]",117,111,51.31578947368421,False
Nobutuna,"[('NUSA', 4)]",120,100,54.54545454545454,False
Nobutuna,"[('Newspaper', 4)]",98,107,47.80487804878049,False
Nobutuna,"[('OldRusty', 4)]",101,136,42.616033755274266,False
Nobutuna,"[('Purplestar', 4)]",133,101,56.837606837606835,False
Nobutuna,"[('Rainbow', 4)]",94,126,42.72727272727273,False
Nobutuna,"[('Rose', 4)]",102,109,48.34123222748815,False
Nobutuna,"[('Runic', 4)]",130,118,52.41935483870967,False
Nobutuna,"[('Snowflake', 4)]",113,125,47.47899159663865,False
Nobutuna,"[('Sovereign', 4)]",112,92,54.90196078431373,False
Nobutuna,"[('Tigris', 4)]",88,117,42.926829268292686,False
Olive,"[('1987', 4)]",130,102,56.03448275862068,False
Olive,"[('7891', 4)]",113,77,59.473684210526315,False
Olive,"[('Arasaka', 4)]",110,121,47.61904761904761,False
Olive,"[('Armydesert', 4)]",109,91,54.50000000000001,False
Olive,"[('Armygreen', 4)]",107,98,52.19512195121951,False
Olive,"[('Bamboo', 4)]",139,103,57.438016528925615,False
Olive,"[('Cloud', 4)]",126,100,55.75221238938053,False
Olive,"[('Cosmic', 4)]",128,104,55.172413793103445,False
Olive,"[('Dawn', 4)]",129,107,54.66101694915254,False
Olive,"[('Flute', 4)]",87,84,50.877192982456144,False
Olive,"[('Freight', 4)]",114,93,55.072463768115945,False
Olive,"[('Grassland', 4)]",128,105,54.93562231759657,False
Olive,"[('KangTao', 4)]",112,97,53.588516746411486,False
Olive,"[('Liquidation', 4)]",120,83,59.11330049261084,False
Olive,"[('Militech', 4)]",122,94,56.481481481481474,False
Olive,"[('NUSA', 4)]",114,98,53.77358490566038,False
Olive,"[('Newspaper', 4)]",83,110,43.005181347150256,False
Olive,"[('OldRusty', 4)]",99,119,45.412844036697244,False
Olive,"[('Purplestar', 4)]",102,92,52.57731958762887,False
Olive,"[('Rainbow', 4)]",109,97,52.9126213592233,False
Olive,"[('Rose', 4)]",122,106,53.50877192982456,False
Olive,"[('Runic', 4)]",113,108,51.13122171945701,False
Olive,"[('Snowflake', 4)]",130,122,51.587301587301596,False
Olive,"[('Sovereign', 4)]",92,94,49.46236559139785,False
Olive,"[('Tigris', 4)]",111,103,51.86915887850467,False
Ophelia,"[('1987', 4)]",110,94,53.92156862745098,False
Ophelia,"[('7891', 4)]",129,87,59.72222222222222,False
Ophelia,"[('Arasaka', 4)]",124,101,55.111111111111114,False
Ophelia,"[('Armydesert', 4)]",121,104,53.77777777777778,False
Ophelia,"[('Armygreen', 4)]",133,104,56.118143459915615,False
Ophelia,"[('Bamboo', 4)]",124,114,52.10084033613446,False
Ophelia,"[('Cloud', 4)]",121,109,52.60869565217391,False
Ophelia,"[('Cosmic', 4)]",110,92,54.45544554455446,False
Ophelia,"[('Dawn', 4)]",135,103,56.72268907563025,False
Ophelia,"[('Flute', 4)]",107,100,51.690821256038646,False
Ophelia,"[('Freight', 4)]",121,87,58.17307692307693,False
Ophelia,"[('Grassland', 4)]",97,107,47.549019607843135,False
Ophelia,"[('KangTao', 4)]",138,95,59.227467811158796,False
Ophelia,"[('Liquidation', 4)]",137,101,57.56302521008403,False
Ophelia,"[('Militech', 4)]",115,115,50.0,False
Ophelia,"[('NUSA', 4)]",134,99,57.5107296137339,False
Ophelia,"[('Newspaper', 4)]",121,102,54.26008968609865,False
Ophelia,"[('OldRusty', 4)]",124,115,51.88284518828452,False
Ophelia,"[('Purplestar', 4)]",128,107,54.46808510638298,False
Ophelia,"[('Rainbow', 4)]",112,108,50.90909090909091,False
Ophelia,"[('Rose', 4)]",110,108,50.45871559633027,False
Ophelia,"[('Runic', 4)]",118,97,54.88372093023256,False
Ophelia,"[('Snowflake', 4)]",108,98,52.42718446601942,False
Ophelia,"[('Sovereign', 4)]",105,114,47.94520547945205,False
Ophelia,"[('Tigris', 4)]",136,96,58.620689655172406,False
Pepper,"[('1987', 4)]",124,101,55.111111111111114,False
Pepper,"[('7891', 4)]",97,102,48.743718592964825,False
Pepper,"[('Arasaka', 4)]",91,116,43.96135265700483,False
Pepper,"[('Armydesert', 4)]",95,100,48.717948717948715,False
Pepper,"[('Armygreen', 4)]",116,109,51.55555555555556,False
Pepper,"[('Bamboo', 4)]",103,118,46.60633484162896,False
Pepper,"[('Cloud', 4)]",108,114,48.64864864864865,False
Pepper,"[('Cosmic', 4)]",110,116,48.67256637168141,False
Pepper,"[('Dawn', 4)]",125,112,52.742616033755276,False
Pepper,"[('Flute', 4)]",93,131,41.517857142857146,False
Pepper,"[('Freight', 4)]",100,102,49.504950495049506,False
Pepper,"[('Grassland', 4)]",103,134,43.459915611814345,False
Pepper,"[('KangTao', 4)]",124,132,48.4375,False
Pepper,"[('Liquidation', 4)]",127,107,54.27350427350427,False
Pepper,"[('Militech', 4)]",94,105,47.23618090452261,False
Pepper,"[('NUSA', 4)]",109,102,51.65876777251185,False
Pepper,"[('Newspaper', 4)]",115,104,52.51141552511416,False
Pepper,"[('OldRusty', 4)]",110,112,49.549549549549546,False
Pepper,"[('Purplestar', 4)]",125,115,52.083333333333336,False
Pepper,"[('Rainbow', 4)]",106,116,47.74774774774775,False
Pepper,"[('Rose', 4)]",88,103,46.07329842931937,False
Pepper,"[('Runic', 4)]",101,104,49.26829268292683,False
Pepper,"[('Snowflake', 4)]",99,113,46.69811320754717,False
Pepper,"[('Sovereign', 4)]",89,119,42.78846153846153,False
Pepper,"[('Tigris', 4)]",105,114,47.94520547945205,False
Percival,"[('1987', 4)]",110,113,49.327354260089685,False
Percival,"[('7891', 4)]",113,121,48.29059829059829,False
Percival,"[('Arasaka', 4)]",121,127,48.79032258064516,False
Percival,"[('Armydesert', 4)]",109,124,46.78111587982833,False
Percival,"[('Armygreen', 4)]",108,124,46.55172413793103,False
Percival,"[('Bamboo', 4)]",100,129,43.66812227074236,False
Percival,"[('Cloud', 4)]",90,122,42.45283018867924,False
Percival,"[('Cosmic', 4)]",88,125,41.31455399061033,False
Percival,"[('Dawn', 4)]",83,136,37.89954337899543,False
Percival,"[('Flute', 4)]",99,109,47.59615384615385,False
Percival,"[('Freight', 4)]",98,97,50.256410256410255,False
Percival,"[('Grassland', 4)]",104,112,48.148148148148145,False
Percival,"[('KangTao', 4)]",115,114,50.21834061135371,False
Percival,"[('Liquidation', 4)]",102,105,49.275362318840585,False
Percival,"[('Militech', 4)]",84,118,41.584158415841586,False
Percival,"[('NUSA', 4)]",135,89,60.26785714285714,False
Percival,"[('Newspaper', 4)]",116,127,47.73662551440329,False
Percival,"[('OldRusty', 4)]",86,139,38.22222222222222,False
Percival,"[('Purplestar', 4)]",108,108,50.0,False
Percival,"[('Rainbow', 4)]",100,144,40.98360655737705,False
Percival,"[('Rose', 4)]",88,123,41.70616113744076,False
Percival,"[('Runic', 4)]",98,129,43.17180616740088,False
Percival,"[('Snowflake', 4)]",108,102,51.42857142857142,False
Percival,"[('Sovereign', 4)]",91,138,39.737991266375545,False
Percival,"[('Tigris', 4)]",99,113,46.69811320754717,False
Pheonix,"[('1987', 4)]",113,97,53.80952380952381,False
Pheonix,"[('7891', 4)]",107,97,52.450980392156865,False
Pheonix,"[('Arasaka', 4)]",119,120,49.7907949790795,False
Pheonix,"[('Armydesert', 4)]",124,82,60.19417475728155,False
Pheonix,"[('Armygreen', 4)]",131,92,58.744394618834086,False
Pheonix,"[('Bamboo', 4)]",103,107,49.047619047619044,False
Pheonix,"[('Cloud', 4)]",101,121,45.4954954954955,False
Pheonix,"[('Cosmic', 4)]",113,115,49.56140350877193,False
Pheonix,"[('Dawn', 4)]",138,98,58.47457627118644,False
Pheonix,"[('Flute', 4)]",124,92,57.407407407407405,False
Pheonix,"[('Freight', 4)]",125,88,58.68544600938967,False
Pheonix,"[('Grassland', 4)]",123,101,54.91071428571429,False
Pheonix,"[('KangTao', 4)]",126,103,55.021834061135365,False
Pheonix,"[('Liquidation', 4)]",107,101,51.442307692307686,False
Pheonix,"[('Militech', 4)]",104,121,46.22222222222222,False
Pheonix,"[('NUSA', 4)]",132,89,59.72850678733032,False
Pheonix,"[('Newspaper', 4)]",114,86,56.99999999999999,False
Pheonix,"[('OldRusty', 4)]",135,102,56.9620253164557,False
Pheonix,"[('Purplestar', 4)]",110,107,50.69124423963134,False
Pheonix,"[('Rainbow', 4)]",105,99,51.470588235294116,False
Pheonix,"[('Rose', 4)]",117,114,50.649350649350644,False
Pheonix,"[('Runic', 4)]",117,97,54.67289719626168,False
Pheonix,"[('Snowflake', 4)]",130,95,57.77777777777777,False
Pheonix,"[('Sovereign', 4)]",108,88,55.10204081632652,False
Pheonix,"[('Tigris', 4)]",114,111,50.66666666666667,False
Pine,"[('1987', 4)]",103,93,52.55102040816326,False
Pine,"[('7891', 4)]",119,108,52.42290748898678,False
Pine,"[('Arasaka', 4)]",110,109,50.2283105022831,False
Pine,"[('Armydesert', 4)]",124,102,54.86725663716814,False
Pine,"[('Armygreen', 4)]",104,107,49.28909952606635,False
Pine,"[('Bamboo', 4)]",123,107,53.47826086956522,False
Pine,"[('Cloud', 4)]",114,100,53.271028037383175,False
Pine,"[('Cosmic', 4)]",97,103,48.5,False
Pine,"[('Dawn', 4)]",127,79,61.6504854368932,False
Pine,"[('Flute', 4)]",103,92,52.820512820512825,False
Pine,"[('Freight', 4)]",107,86,55.44041450777202,False
Pine,"[('Grassland', 4)]",106,103,50.717703349282296,False
Pine,"[('KangTao', 4)]",120,100,54.54545454545454,False
Pine,"[('Liquidation', 4)]",141,88,61.572052401746724,False
Pine,"[('Militech', 4)]",103,115,47.24770642201835,False
Pine,"[('NUSA', 4)]",128,90,58.71559633027523,False
Pine,"[('Newspaper', 4)]",97,87,52.71739130434783,False
Pine,"[('OldRusty', 4)]",114,86,56.99999999999999,False
Pine,"[('Purplestar', 4)]",101,94,51.7948717948718,False
Pine,"[('Rainbow', 4)]",107,90,54.314720812182735,False
Pine,"[('Rose', 4)]",127,100,55.947136563876654,False
Pine,"[('Runic', 4)]",111,128,46.44351464435147,False
Pine,"[('Snowflake', 4)]",94,82,53.40909090909091,False
Pine,"[('Sovereign', 4)]",113,104,52.07373271889401,False
Pine,"[('Tigris', 4)]",109,93,53.960396039603964,False
Pinee,"[('1987', 4)]",57,43,56.99999999999999,False
Pinee,"[('7891', 4)]",63,37,63.0,False
Pinee,"[('Arasaka', 4)]",56,38,59.57446808510638,False
Pinee,"[('Armydesert', 4)]",55,34,61.79775280898876,False
Pinee,"[('Armygreen', 4)]",85,38,69.10569105691057,False
Pinee,"[('Bamboo', 4)]",58,43,57.42574257425742,False
Pinee,"[('Cloud', 4)]",53,40,56.98924731182796,False
Pinee,"[('Cosmic', 4)]",69,40,63.30275229357798,False
Pinee,"[('Dawn', 4)]",60,40,60.0,False
Pinee,"[('Flute', 4)]",58,27,68.23529411764706,False
Pinee,"[('Freight', 4)]",61,33,64.8936170212766,False
Pinee,"[('Grassland', 4)]",58,36,61.702127659574465,False
Pinee,"[('KangTao', 4)]",59,40,59.59595959595959,False
Pinee,"[('Liquidation', 4)]",59,31,65.55555555555556,False
Pinee,"[('Militech', 4)]",58,21,73.41772151898735,False
Pinee,"[('NUSA', 4)]",64,32,66.66666666666666,False
Pinee,"[('Newspaper', 4)]",57,37,60.63829787234043,False
Pinee,"[('OldRusty', 4)]",59,33,64.13043478260869,False
Pinee,"[('Purplestar', 4)]",65,25,72.22222222222221,False
Pinee,"[('Rainbow', 4)]",53,41,56.38297872340425,False
Pinee,"[('Rose', 4)]",70,40,63.63636363636363,False
Pinee,"[('Runic', 4)]",46,36,56.09756097560976,False
Pinee,"[('Snowflake', 4)]",80,49,62.01550387596899,False
Pinee,"[('Sovereign', 4)]",50,49,50.505050505050505,False
Pinee,"[('Tigris', 4)]",71,34,67.61904761904762,False
Poppy,"[('1987', 4)]",135,100,57.446808510638306,False
Poppy,"[('7891', 4)]",119,96,55.348837209302324,False
Poppy,"[('Arasaka', 4)]",146,100,59.34959349593496,False
Poppy,"[('Armydesert', 4)]",106,99,51.707317073170735,False
Poppy,"[('Armygreen', 4)]",115,80,58.97435897435898,False
Poppy,"[('Bamboo', 4)]",102,120,45.94594594594595,False
Poppy,"[('Cloud', 4)]",85,122,41.06280193236715,False
Poppy,"[('Cosmic', 4)]",109,119,47.80701754385965,False
Poppy,"[('Dawn', 4)]",125,115,52.083333333333336,False
Poppy,"[('Flute', 4)]",109,98,52.65700483091788,False
Poppy,"[('Freight', 4)]",109,109,50.0,False
Poppy,"[('Grassland', 4)]",101,133,43.162393162393165,False
Poppy,"[('KangTao', 4)]",123,80,60.591133004926114,False
Poppy,"[('Liquidation', 4)]",111,106,51.1520737327189,False
Poppy,"[('Militech', 4)]",110,120,47.82608695652174,False
Poppy,"[('NUSA', 4)]",146,113,56.37065637065637,False
Poppy,"[('Newspaper', 4)]",122,115,51.47679324894515,False
Poppy,"[('OldRusty', 4)]",127,87,59.345794392523366,False
Poppy,"[('Purplestar', 4)]",117,109,51.76991150442478,False
Poppy,"[('Rainbow', 4)]",116,102,53.21100917431193,False
Poppy,"[('Rose', 4)]",123,114,51.89873417721519,False
Poppy,"[('Runic', 4)]",126,104,54.78260869565217,False
Poppy,"[('Snowflake', 4)]",123,107,53.47826086956522,False
Poppy,"[('Sovereign', 4)]",136,96,58.620689655172406,False
Poppy,"[('Tigris', 4)]",102,123,45.33333333333333,False
QimonNY,"[('1987', 4)]",101,126,44.49339207048458,False
QimonNY,"[('7891', 4)]",104,124,45.614035087719294,False
QimonNY,"[('Arasaka', 4)]",96,129,42.66666666666667,False
QimonNY,"[('Armydesert', 4)]",97,128,43.111111111111114,False
QimonNY,"[('Armygreen', 4)]",81,140,36.65158371040724,False
QimonNY,"[('Bamboo', 4)]",98,114,46.22641509433962,False
QimonNY,"[('Cloud', 4)]",91,129,41.36363636363637,False
QimonNY,"[('Cosmic', 4)]",94,127,42.53393665158371,False
QimonNY,"[('Dawn', 4)]",101,120,45.70135746606335,False
QimonNY,"[('Flute', 4)]",72,113,38.91891891891892,False
QimonNY,"[('Freight', 4)]",88,140,38.59649122807017,False
QimonNY,"[('Grassland', 4)]",108,124,46.55172413793103,False
QimonNY,"[('KangTao', 4)]",95,135,41.30434782608695,False
QimonNY,"[('Liquidation', 4)]",100,152,39.682539682539684,False
QimonNY,"[('Militech', 4)]",100,154,39.37007874015748,False
QimonNY,"[('NUSA', 4)]",93,113,45.14563106796117,False
QimonNY,"[('Newspaper', 4)]",89,121,42.38095238095238,False
QimonNY,"[('OldRusty', 4)]",78,115,40.41450777202073,False
QimonNY,"[('Purplestar', 4)]",82,136,37.61467889908257,False
QimonNY,"[('Rainbow', 4)]",92,143,39.148936170212764,False
QimonNY,"[('Rose', 4)]",98,118,45.370370370370374,False
QimonNY,"[('Runic', 4)]",90,121,42.65402843601896,False
QimonNY,"[('Snowflake', 4)]",110,109,50.2283105022831,False
QimonNY,"[('Sovereign', 4)]",110,120,47.82608695652174,False
QimonNY,"[('Tigris', 4)]",75,121,38.265306122448976,False
Qimon,"[('1987', 4)]",118,101,53.88127853881278,False
Qimon,"[('7891', 4)]",99,99,50.0,False
Qimon,"[('Arasaka', 4)]",107,101,51.442307692307686,False
Qimon,"[('Armydesert', 4)]",111,106,51.1520737327189,False
Qimon,"[('Armygreen', 4)]",99,129,43.42105263157895,False
Qimon,"[('Bamboo', 4)]",104,124,45.614035087719294,False
Qimon,"[('Cloud', 4)]",106,105,50.23696682464455,False
Qimon,"[('Cosmic', 4)]",83,97,46.111111111111114,False
Qimon,"[('Dawn', 4)]",107,99,51.94174757281553,False
Qimon,"[('Flute', 4)]",94,132,41.5929203539823,False
Qimon,"[('Freight', 4)]",102,107,48.803827751196174,False
Qimon,"[('Grassland', 4)]",95,102,48.223350253807105,False
Qimon,"[('KangTao', 4)]",114,118,49.137931034482754,False
Qimon,"[('Liquidation', 4)]",122,109,52.81385281385281,False
Qimon,"[('Militech', 4)]",93,113,45.14563106796117,False
Qimon,"[('NUSA', 4)]",107,116,47.98206278026906,False
Qimon,"[('Newspaper', 4)]",96,114,45.714285714285715,False
Qimon,"[('OldRusty', 4)]",104,103,50.24154589371981,False
Qimon,"[('Purplestar', 4)]",112,106,51.37614678899083,False
Qimon,"[('Rainbow', 4)]",90,124,42.05607476635514,False
Qimon,"[('Rose', 4)]",116,125,48.13278008298755,False
Qimon,"[('Runic', 4)]",97,116,45.539906103286384,False
Qimon,"[('Snowflake', 4)]",123,90,57.74647887323944,False
Qimon,"[('Sovereign', 4)]",102,112,47.66355140186916,False
Qimon,"[('Tigris', 4)]",128,117,52.244897959183675,False
RavenWB,"[('1987', 4)]",132,95,58.14977973568281,False
RavenWB,"[('7891', 4)]",103,94,52.28426395939086,False
RavenWB,"[('Arasaka', 4)]",120,114,51.28205128205128,False
RavenWB,"[('Armydesert', 4)]",124,120,50.81967213114754,False
RavenWB,"[('Armygreen', 4)]",124,97,56.10859728506787,False
RavenWB,"[('Bamboo', 4)]",130,109,54.39330543933054,False
RavenWB,"[('Cloud', 4)]",88,104,45.83333333333333,False
RavenWB,"[('Cosmic', 4)]",113,134,45.74898785425101,False
RavenWB,"[('Dawn', 4)]",113,101,52.80373831775701,False
RavenWB,"[('Flute', 4)]",111,118,48.47161572052402,False
RavenWB,"[('Freight', 4)]",96,114,45.714285714285715,False
RavenWB,"[('Grassland', 4)]",105,97,51.98019801980198,False
RavenWB,"[('KangTao', 4)]",140,115,54.90196078431373,False
RavenWB,"[('Liquidation', 4)]",130,95,57.77777777777777,False
RavenWB,"[('Militech', 4)]",106,105,50.23696682464455,False
RavenWB,"[('NUSA', 4)]",150,121,55.35055350553506,False
RavenWB,"[('Newspaper', 4)]",126,93,57.534246575342465,False
RavenWB,"[('OldRusty', 4)]",92,124,42.592592592592595,False
RavenWB,"[('Purplestar', 4)]",139,97,58.89830508474576,False
RavenWB,"[('Rainbow', 4)]",116,106,52.25225225225225,False
RavenWB,"[('Rose', 4)]",116,108,51.78571428571429,False
RavenWB,"[('Runic', 4)]",137,87,61.16071428571429,False
RavenWB,"[('Snowflake', 4)]",132,101,56.65236051502146,False
RavenWB,"[('Sovereign', 4)]",118,91,56.45933014354066,False
RavenWB,"[('Tigris', 4)]",105,108,49.29577464788733,False
Raven,"[('1987', 4)]",107,113,48.63636363636364,False
Raven,"[('7891', 4)]",86,113,43.21608040201005,False
Raven,"[('Arasaka', 4)]",110,123,47.21030042918455,False
Raven,"[('Armydesert', 4)]",124,106,53.91304347826087,False
Raven,"[('Armygreen', 4)]",106,106,50.0,False
Raven,"[('Bamboo', 4)]",102,122,45.535714285714285,False
Raven,"[('Cloud', 4)]",133,125,51.55038759689923,False
Raven,"[('Cosmic', 4)]",83,138,37.55656108597285,False
Raven,"[('Dawn', 4)]",102,113,47.44186046511628,False
Raven,"[('Flute', 4)]",95,130,42.22222222222222,False
Raven,"[('Freight', 4)]",111,107,50.917431192660544,False
Raven,"[('Grassland', 4)]",106,128,45.2991452991453,False
Raven,"[('KangTao', 4)]",108,110,49.54128440366973,False
Raven,"[('Liquidation', 4)]",109,115,48.660714285714285,False
Raven,"[('Militech', 4)]",91,148,38.07531380753138,False
Raven,"[('NUSA', 4)]",107,111,49.08256880733945,False
Raven,"[('Newspaper', 4)]",118,112,51.30434782608696,False
Raven,"[('OldRusty', 4)]",104,133,43.88185654008439,False
Raven,"[('Purplestar', 4)]",129,98,56.82819383259912,False
Raven,"[('Rainbow', 4)]",104,120,46.42857142857143,False
Raven,"[('Rose', 4)]",90,111,44.776119402985074,False
Raven,"[('Runic', 4)]",97,100,49.23857868020304,False
Raven,"[('Snowflake', 4)]",101,147,40.725806451612904,False
Raven,"[('Sovereign', 4)]",101,123,45.089285714285715,False
Raven,"[('Tigris', 4)]",86,136,38.73873873873874,False
Requina,"[('1987', 4)]",132,96,57.89473684210527,False
Requina,"[('7891', 4)]",134,98,57.758620689655174,False
Requina,"[('Arasaka', 4)]",166,91,64.59143968871595,False
Requina,"[('Armydesert', 4)]",125,91,57.870370370370374,False
Requina,"[('Armygreen', 4)]",134,77,63.507109004739334,False
Requina,"[('Bamboo', 4)]",127,102,55.45851528384279,False
Requina,"[('Cloud', 4)]",153,73,67.69911504424779,False
Requina,"[('Cosmic', 4)]",111,93,54.41176470588235,False
Requina,"[('Dawn', 4)]",117,99,54.166666666666664,False
Requina,"[('Flute', 4)]",124,119,51.028806584362144,False
Requina,"[('Freight', 4)]",88,111,44.221105527638194,False
Requina,"[('Grassland', 4)]",134,87,60.633484162895925,False
Requina,"[('KangTao', 4)]",127,81,61.057692307692314,False
Requina,"[('Liquidation', 4)]",137,102,57.32217573221757,False
Requina,"[('Militech', 4)]",98,102,49.0,False
Requina,"[('NUSA', 4)]",136,101,57.383966244725734,False
Requina,"[('Newspaper', 4)]",127,90,58.525345622119815,False
Requina,"[('OldRusty', 4)]",132,101,56.65236051502146,False
Requina,"[('Purplestar', 4)]",135,102,56.9620253164557,False
Requina,"[('Rainbow', 4)]",144,122,54.13533834586466,False
Requina,"[('Rose', 4)]",145,92,61.18143459915611,False
Requina,"[('Runic', 4)]",132,101,56.65236051502146,False
Requina,"[('Snowflake', 4)]",128,90,58.71559633027523,False
Requina,"[('Sovereign', 4)]",147,100,59.51417004048582,False
Requina,"[('Tigris', 4)]",109,94,53.69458128078818,False
Rika,"[('1987', 4)]",98,116,45.794392523364486,False
Rika,"[('7891', 4)]",118,125,48.559670781893004,False
Rika,"[('Arasaka', 4)]",121,132,47.82608695652174,False
Rika,"[('Armydesert', 4)]",147,96,60.49382716049383,False
Rika,"[('Armygreen', 4)]",103,123,45.57522123893805,False
Rika,"[('Bamboo', 4)]",106,111,48.8479262672811,False
Rika,"[('Cloud', 4)]",115,107,51.80180180180181,False
Rika,"[('Cosmic', 4)]",105,120,46.666666666666664,False
Rika,"[('Dawn', 4)]",107,117,47.767857142857146,False
Rika,"[('Flute', 4)]",108,118,47.78761061946903,False
Rika,"[('Freight', 4)]",117,90,56.52173913043478,False
Rika,"[('Grassland', 4)]",113,116,49.34497816593886,False
Rika,"[('KangTao', 4)]",141,96,59.49367088607595,False
Rika,"[('Liquidation', 4)]",111,94,54.146341463414636,False
Rika,"[('Militech', 4)]",119,118,50.210970464135016,False
Rika,"[('NUSA', 4)]",150,91,62.24066390041494,False
Rika,"[('Newspaper', 4)]",116,117,49.78540772532189,False
Rika,"[('OldRusty', 4)]",105,125,45.65217391304348,False
Rika,"[('Purplestar', 4)]",130,115,53.06122448979592,False
Rika,"[('Rainbow', 4)]",102,135,43.037974683544306,False
Rika,"[('Rose', 4)]",87,113,43.5,False
Rika,"[('Runic', 4)]",109,115,48.660714285714285,False
Rika,"[('Snowflake', 4)]",111,130,46.058091286307054,False
Rika,"[('Sovereign', 4)]",138,110,55.64516129032258,False
Rika,"[('Tigris', 4)]",99,124,44.39461883408072,False
Roseiri,"[('1987', 4)]",109,98,52.65700483091788,False
Roseiri,"[('7891', 4)]",111,137,44.75806451612903,False
Roseiri,"[('Arasaka', 4)]",100,97,50.76142131979695,False
Roseiri,"[('Armydesert', 4)]",106,103,50.717703349282296,False
Roseiri,"[('Armygreen', 4)]",114,103,52.53456221198156,False
Roseiri,"[('Bamboo', 4)]",108,88,55.10204081632652,False
Roseiri,"[('Cloud', 4)]",133,129,50.76335877862596,False
Roseiri,"[('Cosmic', 4)]",122,105,53.74449339207048,False
Roseiri,"[('Dawn', 4)]",111,104,51.627906976744185,False
Roseiri,"[('Flute', 4)]",98,117,45.58139534883721,False
Roseiri,"[('Freight', 4)]",120,100,54.54545454545454,False
Roseiri,"[('Grassland', 4)]",115,105,52.27272727272727,False
Roseiri,"[('KangTao', 4)]",98,106,48.03921568627451,False
Roseiri,"[('Liquidation', 4)]",106,126,45.689655172413794,False
Roseiri,"[('Militech', 4)]",129,124,50.988142292490124,False
Roseiri,"[('NUSA', 4)]",144,100,59.01639344262295,False
Roseiri,"[('Newspaper', 4)]",116,97,54.460093896713616,False
Roseiri,"[('OldRusty', 4)]",117,112,51.09170305676856,False
Roseiri,"[('Purplestar', 4)]",127,104,54.97835497835498,False
Roseiri,"[('Rainbow', 4)]",116,101,53.45622119815668,False
Roseiri,"[('Rose', 4)]",106,120,46.902654867256636,False
Roseiri,"[('Runic', 4)]",121,96,55.76036866359447,False
Roseiri,"[('Snowflake', 4)]",126,111,53.16455696202531,False
Roseiri,"[('Sovereign', 4)]",114,117,49.35064935064935,False
Roseiri,"[('Tigris', 4)]",97,100,49.23857868020304,False
RubinPF,"[('1987', 4)]",116,118,49.572649572649574,False
RubinPF,"[('7891', 4)]",109,90,54.773869346733676,False
RubinPF,"[('Arasaka', 4)]",101,109,48.095238095238095,False
RubinPF,"[('Armydesert', 4)]",117,95,55.188679245283026,False
RubinPF,"[('Armygreen', 4)]",109,88,55.32994923857868,False
RubinPF,"[('Bamboo', 4)]",113,115,49.56140350877193,False
RubinPF,"[('Cloud', 4)]",119,98,54.83870967741935,False
RubinPF,"[('Cosmic', 4)]",111,88,55.778894472361806,False
RubinPF,"[('Dawn', 4)]",127,97,56.69642857142857,False
RubinPF,"[('Flute', 4)]",113,93,54.85436893203883,False
RubinPF,"[('Freight', 4)]",105,114,47.94520547945205,False
RubinPF,"[('Grassland', 4)]",116,114,50.43478260869565,False
RubinPF,"[('KangTao', 4)]",131,101,56.46551724137932,False
RubinPF,"[('Liquidation', 4)]",142,96,59.66386554621849,False
RubinPF,"[('Militech', 4)]",105,123,46.05263157894737,False
RubinPF,"[('NUSA', 4)]",125,86,59.241706161137444,False
RubinPF,"[('Newspaper', 4)]",117,105,52.702702702702695,False
RubinPF,"[('OldRusty', 4)]",90,106,45.91836734693878,False
RubinPF,"[('Purplestar', 4)]",128,90,58.71559633027523,False
RubinPF,"[('Rainbow', 4)]",112,97,53.588516746411486,False
RubinPF,"[('Rose', 4)]",100,110,47.61904761904761,False
RubinPF,"[('Runic', 4)]",100,107,48.309178743961354,False
RubinPF,"[('Snowflake', 4)]",105,114,47.94520547945205,False
RubinPF,"[('Sovereign', 4)]",117,109,51.76991150442478,False
RubinPF,"[('Tigris', 4)]",104,106,49.523809523809526,False
Rubin,"[('1987', 4)]",106,105,50.23696682464455,False
Rubin,"[('7891', 4)]",90,116,43.689320388349515,False
Rubin,"[('Arasaka', 4)]",96,112,46.15384615384615,False
Rubin,"[('Armydesert', 4)]",103,98,51.243781094527364,False
Rubin,"[('Armygreen', 4)]",92,132,41.07142857142857,False
Rubin,"[('Bamboo', 4)]",102,120,45.94594594594595,False
Rubin,"[('Cloud', 4)]",115,116,49.78354978354979,False
Rubin,"[('Cosmic', 4)]",74,116,38.94736842105263,False
Rubin,"[('Dawn', 4)]",97,120,44.70046082949309,False
Rubin,"[('Flute', 4)]",97,123,44.09090909090909,False
Rubin,"[('Freight', 4)]",97,115,45.75471698113208,False
Rubin,"[('Grassland', 4)]",93,121,43.45794392523364,False
Rubin,"[('KangTao', 4)]",107,113,48.63636363636364,False
Rubin,"[('Liquidation', 4)]",135,106,56.016597510373444,False
Rubin,"[('Militech', 4)]",91,117,43.75,False
Rubin,"[('NUSA', 4)]",112,108,50.90909090909091,False
Rubin,"[('Newspaper', 4)]",85,109,43.81443298969072,False
Rubin,"[('OldRusty', 4)]",85,104,44.97354497354497,False
Rubin,"[('Purplestar', 4)]",94,121,43.72093023255814,False
Rubin,"[('Rainbow', 4)]",112,119,48.484848484848484,False
Rubin,"[('Rose', 4)]",82,136,37.61467889908257,False
Rubin,"[('Runic', 4)]",90,114,44.11764705882353,False
Rubin,"[('Snowflake', 4)]",101,109,48.095238095238095,False
Rubin,"[('Sovereign', 4)]",90,123,42.25352112676056,False
Rubin,"[('Tigris', 4)]",111,122,47.63948497854077,False
Ruby,"[('1987', 4)]",110,97,53.14009661835749,False
Ruby,"[('7891', 4)]",113,97,53.80952380952381,False
Ruby,"[('Arasaka', 4)]",115,104,52.51141552511416,False
Ruby,"[('Armydesert', 4)]",108,110,49.54128440366973,False
Ruby,"[('Armygreen', 4)]",126,93,57.534246575342465,False
Ruby,"[('Bamboo', 4)]",128,108,54.23728813559322,False
Ruby,"[('Cloud', 4)]",125,105,54.347826086956516,False
Ruby,"[('Cosmic', 4)]",115,115,50.0,False
Ruby,"[('Dawn', 4)]",127,96,56.95067264573991,False
Ruby,"[('Flute', 4)]",121,112,51.931330472103,False
Ruby,"[('Freight', 4)]",126,98,56.25,False
Ruby,"[('Grassland', 4)]",124,110,52.991452991452995,False
Ruby,"[('KangTao', 4)]",110,90,55.00000000000001,False
Ruby,"[('Liquidation', 4)]",118,101,53.88127853881278,False
Ruby,"[('Militech', 4)]",108,99,52.17391304347826,False
Ruby,"[('NUSA', 4)]",124,94,56.88073394495413,False
Ruby,"[('Newspaper', 4)]",106,120,46.902654867256636,False
Ruby,"[('OldRusty', 4)]",135,95,58.69565217391305,False
Ruby,"[('Purplestar', 4)]",126,107,54.077253218884124,False
Ruby,"[('Rainbow', 4)]",126,100,55.75221238938053,False
Ruby,"[('Rose', 4)]",120,94,56.074766355140184,False
Ruby,"[('Runic', 4)]",124,117,51.45228215767634,False
Ruby,"[('Snowflake', 4)]",113,95,54.32692307692307,False
Ruby,"[('Sovereign', 4)]",130,98,57.01754385964912,False
Ruby,"[('Tigris', 4)]",105,105,50.0,False
Sasaki,"[('1987', 4)]",96,115,45.497630331753555,False
Sasaki,"[('7891', 4)]",106,123,46.288209606986904,False
Sasaki,"[('Arasaka', 4)]",119,130,47.791164658634536,False
Sasaki,"[('Armydesert', 4)]",123,112,52.34042553191489,False
Sasaki,"[('Armygreen', 4)]",123,111,52.56410256410257,False
Sasaki,"[('Bamboo', 4)]",99,118,45.622119815668206,False
Sasaki,"[('Cloud', 4)]",90,135,40.0,False
Sasaki,"[('Cosmic', 4)]",94,127,42.53393665158371,False
Sasaki,"[('Dawn', 4)]",111,99,52.85714285714286,False
Sasaki,"[('Flute', 4)]",114,100,53.271028037383175,False
Sasaki,"[('Freight', 4)]",130,101,56.27705627705628,False
Sasaki,"[('Grassland', 4)]",108,127,45.95744680851064,False
Sasaki,"[('KangTao', 4)]",117,120,49.36708860759494,False
Sasaki,"[('Liquidation', 4)]",121,114,51.48936170212765,False
Sasaki,"[('Militech', 4)]",119,138,46.30350194552529,False
Sasaki,"[('NUSA', 4)]",116,119,49.361702127659576,False
Sasaki,"[('Newspaper', 4)]",104,144,41.935483870967744,False
Sasaki,"[('OldRusty', 4)]",99,107,48.05825242718447,False
Sasaki,"[('Purplestar', 4)]",108,113,48.86877828054298,False
Sasaki,"[('Rainbow', 4)]",123,98,55.65610859728507,False
Sasaki,"[('Rose', 4)]",114,112,50.442477876106196,False
Sasaki,"[('Runic', 4)]",115,101,53.24074074074075,False
Sasaki,"[('Snowflake', 4)]",97,122,44.29223744292237,False
Sasaki,"[('Sovereign', 4)]",94,88,51.64835164835166,False
Sasaki,"[('Tigris', 4)]",92,114,44.66019417475729,False
Scout,"[('1987', 4)]",109,105,50.93457943925234,False
Scout,"[('7891', 4)]",113,112,50.22222222222222,False
Scout,"[('Arasaka', 4)]",113,92,55.1219512195122,False
Scout,"[('Armydesert', 4)]",134,107,55.601659751037346,False
Scout,"[('Armygreen', 4)]",121,93,56.54205607476636,False
Scout,"[('Bamboo', 4)]",127,114,52.69709543568465,False
Scout,"[('Cloud', 4)]",103,112,47.906976744186046,False
Scout,"[('Cosmic', 4)]",97,125,43.69369369369369,False
Scout,"[('Dawn', 4)]",128,115,52.674897119341566,False
Scout,"[('Flute', 4)]",106,117,47.53363228699551,False
Scout,"[('Freight', 4)]",134,88,60.36036036036037,False
Scout,"[('Grassland', 4)]",112,110,50.45045045045045,False
Scout,"[('KangTao', 4)]",114,107,51.58371040723983,False
Scout,"[('Liquidation', 4)]",107,123,46.52173913043478,False
Scout,"[('Militech', 4)]",102,101,50.24630541871922,False
Scout,"[('NUSA', 4)]",140,98,58.82352941176471,False
Scout,"[('Newspaper', 4)]",128,96,57.14285714285714,False
Scout,"[('OldRusty', 4)]",110,87,55.83756345177665,False
Scout,"[('Purplestar', 4)]",126,125,50.199203187250994,False
Scout,"[('Rainbow', 4)]",123,107,53.47826086956522,False
Scout,"[('Rose', 4)]",118,115,50.64377682403433,False
Scout,"[('Runic', 4)]",111,99,52.85714285714286,False
Scout,"[('Snowflake', 4)]",98,106,48.03921568627451,False
Scout,"[('Sovereign', 4)]",101,87,53.72340425531915,False
Scout,"[('Tigris', 4)]",121,121,50.0,False
Season,"[('1987', 4)]",112,116,49.122807017543856,False
Season,"[('7891', 4)]",114,89,56.15763546798029,False
Season,"[('Arasaka', 4)]",110,117,48.458149779735685,False
Season,"[('Armydesert', 4)]",108,105,50.70422535211267,False
Season,"[('Armygreen', 4)]",105,103,50.480769230769226,False
Season,"[('Bamboo', 4)]",114,103,52.53456221198156,False
Season,"[('Cloud', 4)]",117,112,51.09170305676856,False
Season,"[('Cosmic', 4)]",129,132,49.42528735632184,False
Season,"[('Dawn', 4)]",105,109,49.06542056074766,False
Season,"[('Flute', 4)]",84,101,45.40540540540541,False
Season,"[('Freight', 4)]",116,104,52.72727272727272,False
Season,"[('Grassland', 4)]",95,91,51.075268817204304,False
Season,"[('KangTao', 4)]",118,109,51.98237885462555,False
Season,"[('Liquidation', 4)]",118,99,54.377880184331794,False
Season,"[('Militech', 4)]",104,92,53.06122448979592,False
Season,"[('NUSA', 4)]",113,119,48.706896551724135,False
Season,"[('Newspaper', 4)]",120,110,52.17391304347826,False
Season,"[('OldRusty', 4)]",111,110,50.2262443438914,False
Season,"[('Purplestar', 4)]",87,111,43.93939393939394,False
Season,"[('Rainbow', 4)]",103,103,50.0,False
Season,"[('Rose', 4)]",109,132,45.22821576763486,False
Season,"[('Runic', 4)]",119,108,52.42290748898678,False
Season,"[('Snowflake', 4)]",99,107,48.05825242718447,False
Season,"[('Sovereign', 4)]",92,112,45.09803921568628,False
Season,"[('Tigris', 4)]",95,123,43.57798165137615,False
Seth,"[('1987', 4)]",105,118,47.08520179372198,False
Seth,"[('7891', 4)]",95,111,46.116504854368934,False
Seth,"[('Arasaka', 4)]",111,104,51.627906976744185,False
Seth,"[('Armydesert', 4)]",109,105,50.93457943925234,False
Seth,"[('Armygreen', 4)]",121,89,57.61904761904761,False
Seth,"[('Bamboo', 4)]",113,135,45.564516129032256,False
Seth,"[('Cloud', 4)]",114,122,48.30508474576271,False
Seth,"[('Cosmic', 4)]",114,111,50.66666666666667,False
Seth,"[('Dawn', 4)]",126,94,57.27272727272727,False
Seth,"[('Flute', 4)]",128,116,52.459016393442624,False
Seth,"[('Freight', 4)]",95,102,48.223350253807105,False
Seth,"[('Grassland', 4)]",121,132,47.82608695652174,False
Seth,"[('KangTao', 4)]",110,104,51.4018691588785,False
Seth,"[('Liquidation', 4)]",122,128,48.8,False
Seth,"[('Militech', 4)]",95,128,42.600896860986545,False
Seth,"[('NUSA', 4)]",138,102,57.49999999999999,False
Seth,"[('Newspaper', 4)]",113,121,48.29059829059829,False
Seth,"[('OldRusty', 4)]",95,96,49.73821989528796,False
Seth,"[('Purplestar', 4)]",87,118,42.4390243902439,False
Seth,"[('Rainbow', 4)]",111,127,46.63865546218487,False
Seth,"[('Rose', 4)]",113,110,50.672645739910315,False
Seth,"[('Runic', 4)]",132,91,59.19282511210763,False
Seth,"[('Snowflake', 4)]",95,111,46.116504854368934,False
Seth,"[('Sovereign', 4)]",102,130,43.96551724137931,False
Seth,"[('Tigris', 4)]",103,105,49.519230769230774,False
ShuijingAL,"[('1987', 4)]",156,91,63.1578947368421,False
ShuijingAL,"[('7891', 4)]",130,96,57.52212389380531,False
ShuijingAL,"[('Arasaka', 4)]",140,102,57.85123966942148,False
ShuijingAL,"[('Armydesert', 4)]",126,94,57.27272727272727,False
ShuijingAL,"[('Armygreen', 4)]",121,100,54.75113122171946,False
ShuijingAL,"[('Bamboo', 4)]",114,104,52.293577981651374,False
ShuijingAL,"[('Cloud', 4)]",117,93,55.714285714285715,False
ShuijingAL,"[('Cosmic', 4)]",110,116,48.67256637168141,False
ShuijingAL,"[('Dawn', 4)]",128,104,55.172413793103445,False
ShuijingAL,"[('Flute', 4)]",126,101,55.50660792951542,False
ShuijingAL,"[('Freight', 4)]",123,135,47.674418604651166,False
ShuijingAL,"[('Grassland', 4)]",142,92,60.68376068376068,False
ShuijingAL,"[('KangTao', 4)]",129,105,55.12820512820513,False
ShuijingAL,"[('Liquidation', 4)]",132,112,54.09836065573771,False
ShuijingAL,"[('Militech', 4)]",95,113,45.67307692307692,False
ShuijingAL,"[('NUSA', 4)]",118,98,54.629629629629626,False
ShuijingAL,"[('Newspaper', 4)]",118,109,51.98237885462555,False
ShuijingAL,"[('OldRusty', 4)]",122,105,53.74449339207048,False
ShuijingAL,"[('Purplestar', 4)]",127,93,57.72727272727273,False
ShuijingAL,"[('Rainbow', 4)]",119,97,55.092592592592595,False
ShuijingAL,"[('Rose', 4)]",100,127,44.052863436123346,False
ShuijingAL,"[('Runic', 4)]",114,111,50.66666666666667,False
ShuijingAL,"[('Snowflake', 4)]",131,93,58.48214285714286,False
ShuijingAL,"[('Sovereign', 4)]",116,98,54.20560747663551,False
ShuijingAL,"[('Tigris', 4)]",121,110,52.38095238095239,False
Shuijing,"[('1987', 4)]",111,129,46.25,False
Shuijing,"[('7891', 4)]",108,92,54.0,False
Shuijing,"[('Arasaka', 4)]",111,107,50.917431192660544,False
Shuijing,"[('Armydesert', 4)]",107,112,48.858447488584474,False
Shuijing,"[('Armygreen', 4)]",121,105,53.53982300884957,False
Shuijing,"[('Bamboo', 4)]",118,115,50.64377682403433,False
Shuijing,"[('Cloud', 4)]",97,125,43.69369369369369,False
Shuijing,"[('Cosmic', 4)]",96,105,47.76119402985074,False
Shuijing,"[('Dawn', 4)]",105,118,47.08520179372198,False
Shuijing,"[('Flute', 4)]",125,97,56.30630630630631,False
Shuijing,"[('Freight', 4)]",112,121,48.06866952789699,False
Shuijing,"[('Grassland', 4)]",113,116,49.34497816593886,False
Shuijing,"[('KangTao', 4)]",113,113,50.0,False
Shuijing,"[('Liquidation', 4)]",107,98,52.19512195121951,False
Shuijing,"[('Militech', 4)]",101,87,53.72340425531915,False
Shuijing,"[('NUSA', 4)]",139,109,56.048387096774185,False
Shuijing,"[('Newspaper', 4)]",104,102,50.48543689320388,False
Shuijing,"[('OldRusty', 4)]",119,110,51.96506550218341,False
Shuijing,"[('Purplestar', 4)]",113,110,50.672645739910315,False
Shuijing,"[('Rainbow', 4)]",110,122,47.41379310344828,False
Shuijing,"[('Rose', 4)]",110,116,48.67256637168141,False
Shuijing,"[('Runic', 4)]",111,111,50.0,False
Shuijing,"[('Snowflake', 4)]",135,104,56.48535564853556,False
Shuijing,"[('Sovereign', 4)]",113,90,55.66502463054187,False
Shuijing,"[('Tigris', 4)]",107,120,47.136563876651984,False
Snow,"[('1987', 4)]",119,109,52.19298245614035,False
Snow,"[('7891', 4)]",118,85,58.128078817733986,False
Snow,"[('Arasaka', 4)]",105,119,46.875,False
Snow,"[('Armydesert', 4)]",112,98,53.333333333333336,False
Snow,"[('Armygreen', 4)]",116,91,56.038647342995176,False
Snow,"[('Bamboo', 4)]",128,88,59.25925925925925,False
Snow,"[('Cloud', 4)]",112,104,51.85185185185185,False
Snow,"[('Cosmic', 4)]",134,84,61.46788990825688,False
Snow,"[('Dawn', 4)]",122,100,54.95495495495496,False
Snow,"[('Flute', 4)]",143,100,58.8477366255144,False
Snow,"[('Freight', 4)]",107,101,51.442307692307686,False
Snow,"[('Grassland', 4)]",110,111,49.7737556561086,False
Snow,"[('KangTao', 4)]",138,95,59.227467811158796,False
Snow,"[('Liquidation', 4)]",122,84,59.22330097087378,False
Snow,"[('Militech', 4)]",128,115,52.674897119341566,False
Snow,"[('NUSA', 4)]",126,104,54.78260869565217,False
Snow,"[('Newspaper', 4)]",116,110,51.32743362831859,False
Snow,"[('OldRusty', 4)]",104,107,49.28909952606635,False
Snow,"[('Purplestar', 4)]",120,93,56.33802816901409,False
Snow,"[('Rainbow', 4)]",113,100,53.051643192488264,False
Snow,"[('Rose', 4)]",118,106,52.67857142857143,False
Snow,"[('Runic', 4)]",138,111,55.42168674698795,False
Snow,"[('Snowflake', 4)]",128,102,55.65217391304348,False
Snow,"[('Sovereign', 4)]",136,111,55.06072874493927,False
Snow,"[('Tigris', 4)]",118,109,51.98237885462555,False
Sunny,"[('1987', 4)]",136,102,57.14285714285714,False
Sunny,"[('7891', 4)]",119,94,55.86854460093896,False
Sunny,"[('Arasaka', 4)]",117,98,54.418604651162795,False
Sunny,"[('Armydesert', 4)]",125,102,55.06607929515418,False
Sunny,"[('Armygreen', 4)]",123,104,54.18502202643172,False
Sunny,"[('Bamboo', 4)]",139,93,59.91379310344828,False
Sunny,"[('Cloud', 4)]",133,88,60.18099547511312,False
Sunny,"[('Cosmic', 4)]",109,91,54.50000000000001,False
Sunny,"[('Dawn', 4)]",124,112,52.54237288135594,False
Sunny,"[('Flute', 4)]",134,101,57.02127659574469,False
Sunny,"[('Freight', 4)]",112,99,53.08056872037915,False
Sunny,"[('Grassland', 4)]",132,80,62.264150943396224,False
Sunny,"[('KangTao', 4)]",157,96,62.055335968379445,False
Sunny,"[('Liquidation', 4)]",155,90,63.26530612244898,False
Sunny,"[('Militech', 4)]",119,97,55.092592592592595,False
Sunny,"[('NUSA', 4)]",125,88,58.68544600938967,False
Sunny,"[('Newspaper', 4)]",129,102,55.84415584415584,False
Sunny,"[('OldRusty', 4)]",102,100,50.495049504950494,False
Sunny,"[('Purplestar', 4)]",126,91,58.06451612903226,False
Sunny,"[('Rainbow', 4)]",116,110,51.32743362831859,False
Sunny,"[('Rose', 4)]",124,107,53.67965367965368,False
Sunny,"[('Runic', 4)]",128,111,53.55648535564853,False
Sunny,"[('Snowflake', 4)]",125,110,53.191489361702125,False
Sunny,"[('Sovereign', 4)]",130,107,54.85232067510548,False
Sunny,"[('Tigris', 4)]",109,93,53.960396039603964,False
Taily,"[('1987', 4)]",97,100,49.23857868020304,False
Taily,"[('7891', 4)]",114,88,56.43564356435643,False
Taily,"[('Arasaka', 4)]",105,124,45.851528384279476,False
Taily,"[('Armydesert', 4)]",123,102,54.666666666666664,False
Taily,"[('Armygreen', 4)]",120,102,54.054054054054056,False
Taily,"[('Bamboo', 4)]",102,122,45.535714285714285,False
Taily,"[('Cloud', 4)]",107,120,47.136563876651984,False
Taily,"[('Cosmic', 4)]",121,115,51.271186440677965,False
Taily,"[('Dawn', 4)]",116,118,49.572649572649574,False
Taily,"[('Flute', 4)]",79,114,40.932642487046635,False
Taily,"[('Freight', 4)]",101,111,47.64150943396226,False
Taily,"[('Grassland', 4)]",109,100,52.15311004784689,False
Taily,"[('KangTao', 4)]",108,101,51.674641148325364,False
Taily,"[('Liquidation', 4)]",111,92,54.679802955665025,False
Taily,"[('Militech', 4)]",102,103,49.75609756097561,False
Taily,"[('NUSA', 4)]",129,104,55.36480686695279,False
Taily,"[('Newspaper', 4)]",90,119,43.0622009569378,False
Taily,"[('OldRusty', 4)]",100,108,48.07692307692308,False
Taily,"[('Purplestar', 4)]",100,115,46.51162790697674,False
Taily,"[('Rainbow', 4)]",82,121,40.39408866995074,False
Taily,"[('Rose', 4)]",109,120,47.59825327510917,False
Taily,"[('Runic', 4)]",115,96,54.502369668246445,False
Taily,"[('Snowflake', 4)]",85,116,42.28855721393035,False
Taily,"[('Sovereign', 4)]",94,109,46.30541871921182,False
Taily,"[('Tigris', 4)]",90,114,44.11764705882353,False
Taiyi,"[('1987', 4)]",90,98,47.87234042553192,False
Taiyi,"[('7891', 4)]",111,98,53.110047846889955,False
Taiyi,"[('Arasaka', 4)]",92,89,50.82872928176796,False
Taiyi,"[('Armydesert', 4)]",121,108,52.838427947598255,False
Taiyi,"[('Armygreen', 4)]",132,119,52.589641434262944,False
Taiyi,"[('Bamboo', 4)]",96,98,49.48453608247423,False
Taiyi,"[('Cloud', 4)]",94,118,44.339622641509436,False
Taiyi,"[('Cosmic', 4)]",104,71,59.42857142857143,False
Taiyi,"[('Dawn', 4)]",104,114,47.706422018348626,False
Taiyi,"[('Flute', 4)]",123,83,59.70873786407766,False
Taiyi,"[('Freight', 4)]",88,92,48.888888888888886,False
Taiyi,"[('Grassland', 4)]",116,106,52.25225225225225,False
Taiyi,"[('KangTao', 4)]",111,112,49.775784753363226,False
Taiyi,"[('Liquidation', 4)]",112,119,48.484848484848484,False
Taiyi,"[('Militech', 4)]",129,102,55.84415584415584,False
Taiyi,"[('NUSA', 4)]",109,101,51.90476190476191,False
Taiyi,"[('Newspaper', 4)]",117,103,53.18181818181819,False
Taiyi,"[('OldRusty', 4)]",139,100,58.15899581589959,False
Taiyi,"[('Purplestar', 4)]",115,107,51.80180180180181,False
Taiyi,"[('Rainbow', 4)]",108,98,52.42718446601942,False
Taiyi,"[('Rose', 4)]",84,104,44.680851063829785,False
Taiyi,"[('Runic', 4)]",100,93,51.813471502590666,False
Taiyi,"[('Snowflake', 4)]",115,92,55.55555555555556,False
Taiyi,"[('Sovereign', 4)]",145,89,61.965811965811966,False
Taiyi,"[('Tigris', 4)]",102,112,47.66355140186916,False
Tian,"[('1987', 4)]",105,117,47.2972972972973,False
Tian,"[('7891', 4)]",125,115,52.083333333333336,False
Tian,"[('Arasaka', 4)]",99,104,48.76847290640394,False
Tian,"[('Armydesert', 4)]",139,104,57.20164609053497,False
Tian,"[('Armygreen', 4)]",133,104,56.118143459915615,False
Tian,"[('Bamboo', 4)]",134,114,54.03225806451613,False
Tian,"[('Cloud', 4)]",146,86,62.93103448275862,False
Tian,"[('Cosmic', 4)]",111,111,50.0,False
Tian,"[('Dawn', 4)]",112,110,50.45045045045045,False
Tian,"[('Flute', 4)]",116,91,56.038647342995176,False
Tian,"[('Freight', 4)]",136,107,55.96707818930041,False
Tian,"[('Grassland', 4)]",111,114,49.333333333333336,False
Tian,"[('KangTao', 4)]",122,82,59.80392156862745,False
Tian,"[('Liquidation', 4)]",155,102,60.311284046692606,False
Tian,"[('Militech', 4)]",116,95,54.976303317535546,False
Tian,"[('NUSA', 4)]",141,97,59.2436974789916,False
Tian,"[('Newspaper', 4)]",130,82,61.32075471698113,False
Tian,"[('OldRusty', 4)]",126,115,52.282157676348554,False
Tian,"[('Purplestar', 4)]",130,107,54.85232067510548,False
Tian,"[('Rainbow', 4)]",120,100,54.54545454545454,False
Tian,"[('Rose', 4)]",116,103,52.96803652968036,False
Tian,"[('Runic', 4)]",113,108,51.13122171945701,False
Tian,"[('Snowflake', 4)]",101,86,54.01069518716578,False
Tian,"[('Sovereign', 4)]",149,94,61.31687242798354,False
Tian,"[('Tigris', 4)]",113,119,48.706896551724135,False
Tim,"[('1987', 4)]",119,109,52.19298245614035,False
Tim,"[('7891', 4)]",109,104,51.173708920187785,False
Tim,"[('Arasaka', 4)]",112,116,49.122807017543856,False
Tim,"[('Armydesert', 4)]",118,108,52.21238938053098,False
Tim,"[('Armygreen', 4)]",120,97,55.29953917050692,False
Tim,"[('Bamboo', 4)]",102,112,47.66355140186916,False
Tim,"[('Cloud', 4)]",133,102,56.59574468085107,False
Tim,"[('Cosmic', 4)]",108,142,43.2,False
Tim,"[('Dawn', 4)]",112,86,56.56565656565656,False
Tim,"[('Flute', 4)]",137,112,55.020080321285135,False
Tim,"[('Freight', 4)]",124,112,52.54237288135594,False
Tim,"[('Grassland', 4)]",93,85,52.24719101123596,False
Tim,"[('KangTao', 4)]",119,111,51.73913043478261,False
Tim,"[('Liquidation', 4)]",124,86,59.04761904761905,False
Tim,"[('Militech', 4)]",115,121,48.728813559322035,False
Tim,"[('NUSA', 4)]",134,80,62.616822429906534,False
Tim,"[('Newspaper', 4)]",115,112,50.66079295154186,False
Tim,"[('OldRusty', 4)]",101,113,47.19626168224299,False
Tim,"[('Purplestar', 4)]",109,109,50.0,False
Tim,"[('Rainbow', 4)]",119,119,50.0,False
Tim,"[('Rose', 4)]",111,109,50.45454545454545,False
Tim,"[('Runic', 4)]",117,110,51.541850220264315,False
Tim,"[('Snowflake', 4)]",110,99,52.63157894736842,False
Tim,"[('Sovereign', 4)]",117,94,55.45023696682464,False
Tim,"[('Tigris', 4)]",101,107,48.55769230769231,False
Timber,"[('1987', 4)]",109,95,53.431372549019606,False
Timber,"[('7891', 4)]",117,110,51.541850220264315,False
Timber,"[('Arasaka', 4)]",113,126,47.28033472803347,False
Timber,"[('Armydesert', 4)]",135,113,54.43548387096774,False
Timber,"[('Armygreen', 4)]",135,108,55.55555555555556,False
Timber,"[('Bamboo', 4)]",102,118,46.36363636363636,False
Timber,"[('Cloud', 4)]",113,115,49.56140350877193,False
Timber,"[('Cosmic', 4)]",116,129,47.3469387755102,False
Timber,"[('Dawn', 4)]",101,118,46.118721461187214,False
Timber,"[('Flute', 4)]",105,120,46.666666666666664,False
Timber,"[('Freight', 4)]",102,108,48.57142857142857,False
Timber,"[('Grassland', 4)]",133,141,48.54014598540146,False
Timber,"[('KangTao', 4)]",112,107,51.141552511415526,False
Timber,"[('Liquidation', 4)]",123,124,49.797570850202426,False
Timber,"[('Militech', 4)]",121,125,49.1869918699187,False
Timber,"[('NUSA', 4)]",119,101,54.090909090909086,False
Timber,"[('Newspaper', 4)]",110,120,47.82608695652174,False
Timber,"[('OldRusty', 4)]",135,94,58.951965065502186,False
Timber,"[('Purplestar', 4)]",115,121,48.728813559322035,False
Timber,"[('Rainbow', 4)]",123,114,51.89873417721519,False
Timber,"[('Rose', 4)]",106,103,50.717703349282296,False
Timber,"[('Runic', 4)]",114,109,51.12107623318386,False
Timber,"[('Snowflake', 4)]",116,105,52.488687782805435,False
Timber,"[('Sovereign', 4)]",118,113,51.082251082251084,False
Timber,"[('Tigris', 4)]",113,113,50.0,False
TobyRT,"[('1987', 4)]",130,111,53.941908713692946,False
TobyRT,"[('7891', 4)]",138,115,54.54545454545454,False
TobyRT,"[('Arasaka', 4)]",121,99,55.00000000000001,False
TobyRT,"[('Armydesert', 4)]",112,98,53.333333333333336,False
TobyRT,"[('Armygreen', 4)]",141,77,64.6788990825688,False
TobyRT,"[('Bamboo', 4)]",140,96,59.32203389830508,False
TobyRT,"[('Cloud', 4)]",131,123,51.574803149606296,False
TobyRT,"[('Cosmic', 4)]",123,131,48.4251968503937,False
TobyRT,"[('Dawn', 4)]",136,95,58.87445887445888,False
TobyRT,"[('Flute', 4)]",131,94,58.22222222222222,False
TobyRT,"[('Freight', 4)]",117,114,50.649350649350644,False
TobyRT,"[('Grassland', 4)]",138,116,54.330708661417326,False
TobyRT,"[('KangTao', 4)]",141,102,58.0246913580247,False
TobyRT,"[('Liquidation', 4)]",131,98,57.20524017467249,False
TobyRT,"[('Militech', 4)]",126,104,54.78260869565217,False
TobyRT,"[('NUSA', 4)]",139,99,58.40336134453782,False
TobyRT,"[('Newspaper', 4)]",109,102,51.65876777251185,False
TobyRT,"[('OldRusty', 4)]",110,126,46.61016949152542,False
TobyRT,"[('Purplestar', 4)]",129,105,55.12820512820513,False
TobyRT,"[('Rainbow', 4)]",112,91,55.172413793103445,False
TobyRT,"[('Rose', 4)]",110,104,51.4018691588785,False
TobyRT,"[('Runic', 4)]",121,104,53.77777777777778,False
TobyRT,"[('Snowflake', 4)]",119,96,55.348837209302324,False
TobyRT,"[('Sovereign', 4)]",120,85,58.536585365853654,False
TobyRT,"[('Tigris', 4)]",132,102,56.41025641025641,False
Toby,"[('1987', 4)]",140,117,54.474708171206224,False
Toby,"[('7891', 4)]",133,85,61.00917431192661,False
Toby,"[('Arasaka', 4)]",109,96,53.170731707317074,False
Toby,"[('Armydesert', 4)]",125,83,60.09615384615385,False
Toby,"[('Armygreen', 4)]",131,100,56.709956709956714,False
Toby,"[('Bamboo', 4)]",119,92,56.39810426540285,False
Toby,"[('Cloud', 4)]",91,123,42.523364485981304,False
Toby,"[('Cosmic', 4)]",98,112,46.666666666666664,False
Toby,"[('Dawn', 4)]",127,92,57.99086757990868,False
Toby,"[('Flute', 4)]",118,108,52.21238938053098,False
Toby,"[('Freight', 4)]",117,76,60.62176165803109,False
Toby,"[('Grassland', 4)]",110,109,50.2283105022831,False
Toby,"[('KangTao', 4)]",133,105,55.88235294117647,False
Toby,"[('Liquidation', 4)]",133,78,63.03317535545023,False
Toby,"[('Militech', 4)]",127,99,56.19469026548673,False
Toby,"[('NUSA', 4)]",139,98,58.64978902953587,False
Toby,"[('Newspaper', 4)]",133,106,55.64853556485355,False
Toby,"[('OldRusty', 4)]",123,99,55.4054054054054,False
Toby,"[('Purplestar', 4)]",108,100,51.92307692307693,False
Toby,"[('Rainbow', 4)]",120,96,55.55555555555556,False
Toby,"[('Rose', 4)]",117,106,52.46636771300448,False
Toby,"[('Runic', 4)]",134,98,57.758620689655174,False
Toby,"[('Snowflake', 4)]",107,103,50.95238095238095,False
Toby,"[('Sovereign', 4)]",126,92,57.798165137614674,False
Toby,"[('Tigris', 4)]",126,99,56.00000000000001,False
Tom,"[('1987', 4)]",123,103,54.424778761061944,False
Tom,"[('7891', 4)]",123,102,54.666666666666664,False
Tom,"[('Arasaka', 4)]",127,126,50.19762845849802,False
Tom,"[('Armydesert', 4)]",121,101,54.5045045045045,False
Tom,"[('Armygreen', 4)]",139,82,62.89592760180995,False
Tom,"[('Bamboo', 4)]",118,103,53.39366515837104,False
Tom,"[('Cloud', 4)]",102,119,46.15384615384615,False
Tom,"[('Cosmic', 4)]",127,114,52.69709543568465,False
Tom,"[('Dawn', 4)]",116,106,52.25225225225225,False
Tom,"[('Flute', 4)]",128,112,53.333333333333336,False
Tom,"[('Freight', 4)]",97,78,55.42857142857143,False
Tom,"[('Grassland', 4)]",111,108,50.68493150684932,False
Tom,"[('KangTao', 4)]",145,111,56.640625,False
Tom,"[('Liquidation', 4)]",122,91,57.27699530516433,False
Tom,"[('Militech', 4)]",108,107,50.23255813953489,False
Tom,"[('NUSA', 4)]",128,92,58.18181818181818,False
Tom,"[('Newspaper', 4)]",135,101,57.20338983050848,False
Tom,"[('OldRusty', 4)]",118,95,55.39906103286385,False
Tom,"[('Purplestar', 4)]",110,110,50.0,False
Tom,"[('Rainbow', 4)]",120,125,48.97959183673469,False
Tom,"[('Rose', 4)]",131,114,53.46938775510204,False
Tom,"[('Runic', 4)]",117,104,52.94117647058824,False
Tom,"[('Snowflake', 4)]",102,110,48.113207547169814,False
Tom,"[('Sovereign', 4)]",116,95,54.976303317535546,False
Tom,"[('Tigris', 4)]",116,100,53.70370370370371,False
Ulric,"[('1987', 4)]",111,101,52.358490566037744,False
Ulric,"[('7891', 4)]",110,119,48.03493449781659,False
Ulric,"[('Arasaka', 4)]",94,100,48.45360824742268,False
Ulric,"[('Armydesert', 4)]",112,110,50.45045045045045,False
Ulric,"[('Armygreen', 4)]",133,120,52.569169960474305,False
Ulric,"[('Bamboo', 4)]",103,119,46.3963963963964,False
Ulric,"[('Cloud', 4)]",99,117,45.83333333333333,False
Ulric,"[('Cosmic', 4)]",97,125,43.69369369369369,False
Ulric,"[('Dawn', 4)]",120,96,55.55555555555556,False
Ulric,"[('Flute', 4)]",91,106,46.192893401015226,False
Ulric,"[('Freight', 4)]",126,98,56.25,False
Ulric,"[('Grassland', 4)]",119,100,54.337899543378995,False
Ulric,"[('KangTao', 4)]",100,114,46.728971962616825,False
Ulric,"[('Liquidation', 4)]",105,103,50.480769230769226,False
Ulric,"[('Militech', 4)]",84,112,42.857142857142854,False
Ulric,"[('NUSA', 4)]",112,95,54.106280193236714,False
Ulric,"[('Newspaper', 4)]",109,123,46.98275862068966,False
Ulric,"[('OldRusty', 4)]",103,121,45.982142857142854,False
Ulric,"[('Purplestar', 4)]",107,125,46.12068965517241,False
Ulric,"[('Rainbow', 4)]",108,98,52.42718446601942,False
Ulric,"[('Rose', 4)]",103,101,50.49019607843137,False
Ulric,"[('Runic', 4)]",113,143,44.140625,False
Ulric,"[('Snowflake', 4)]",126,114,52.5,False
Ulric,"[('Sovereign', 4)]",113,122,48.08510638297872,False
Ulric,"[('Tigris', 4)]",99,110,47.368421052631575,False
Waldo,"[('1987', 4)]",122,84,59.22330097087378,False
Waldo,"[('7891', 4)]",117,82,58.79396984924623,False
Waldo,"[('Arasaka', 4)]",137,95,59.05172413793104,False
Waldo,"[('Armydesert', 4)]",147,82,64.19213973799127,False
Waldo,"[('Armygreen', 4)]",131,98,57.20524017467249,False
Waldo,"[('Bamboo', 4)]",130,88,59.63302752293578,False
Waldo,"[('Cloud', 4)]",128,107,54.46808510638298,False
Waldo,"[('Cosmic', 4)]",118,107,52.44444444444445,False
Waldo,"[('Dawn', 4)]",138,96,58.97435897435898,False
Waldo,"[('Flute', 4)]",127,107,54.27350427350427,False
Waldo,"[('Freight', 4)]",108,101,51.674641148325364,False
Waldo,"[('Grassland', 4)]",125,93,57.3394495412844,False
Waldo,"[('KangTao', 4)]",135,82,62.21198156682027,False
Waldo,"[('Liquidation', 4)]",99,96,50.76923076923077,False
Waldo,"[('Militech', 4)]",125,116,51.867219917012456,False
Waldo,"[('NUSA', 4)]",143,79,64.41441441441441,False
Waldo,"[('Newspaper', 4)]",141,108,56.62650602409639,False
Waldo,"[('OldRusty', 4)]",110,101,52.13270142180095,False
Waldo,"[('Purplestar', 4)]",115,84,57.78894472361809,False
Waldo,"[('Rainbow', 4)]",109,94,53.69458128078818,False
Waldo,"[('Rose', 4)]",127,84,60.18957345971564,False
Waldo,"[('Runic', 4)]",122,99,55.203619909502265,False
Waldo,"[('Snowflake', 4)]",115,89,56.372549019607845,False
Waldo,"[('Sovereign', 4)]",138,87,61.33333333333333,False
Waldo,"[('Tigris', 4)]",126,95,57.01357466063348,False
Wenyuan,"[('1987', 4)]",119,117,50.42372881355932,False
Wenyuan,"[('7891', 4)]",91,118,43.54066985645933,False
Wenyuan,"[('Arasaka', 4)]",94,134,41.228070175438596,False
Wenyuan,"[('Armydesert', 4)]",116,89,56.58536585365853,False
Wenyuan,"[('Armygreen', 4)]",110,103,51.64319248826291,False
Wenyuan,"[('Bamboo', 4)]",93,111,45.588235294117645,False
Wenyuan,"[('Cloud', 4)]",96,136,41.37931034482759,False
Wenyuan,"[('Cosmic', 4)]",88,116,43.13725490196079,False
Wenyuan,"[('Dawn', 4)]",110,108,50.45871559633027,False
Wenyuan,"[('Flute', 4)]",105,115,47.72727272727273,False
Wenyuan,"[('Freight', 4)]",126,115,52.282157676348554,False
Wenyuan,"[('Grassland', 4)]",95,120,44.18604651162791,False
Wenyuan,"[('KangTao', 4)]",91,117,43.75,False
Wenyuan,"[('Liquidation', 4)]",120,95,55.81395348837209,False
Wenyuan,"[('Militech', 4)]",103,130,44.20600858369099,False
Wenyuan,"[('NUSA', 4)]",124,114,52.10084033613446,False
Wenyuan,"[('Newspaper', 4)]",125,122,50.607287449392715,False
Wenyuan,"[('OldRusty', 4)]",85,119,41.66666666666667,False
Wenyuan,"[('Purplestar', 4)]",103,106,49.282296650717704,False
Wenyuan,"[('Rainbow', 4)]",113,121,48.29059829059829,False
Wenyuan,"[('Rose', 4)]",107,129,45.33898305084746,False
Wenyuan,"[('Runic', 4)]",121,117,50.84033613445378,False
Wenyuan,"[('Snowflake', 4)]",107,121,46.92982456140351,False
Wenyuan,"[('Sovereign', 4)]",108,107,50.23255813953489,False
Wenyuan,"[('Tigris', 4)]",91,117,43.75,False
Wolf,"[('1987', 4)]",99,107,48.05825242718447,False
Wolf,"[('7891', 4)]",105,105,50.0,False
Wolf,"[('Arasaka', 4)]",85,112,43.14720812182741,False
Wolf,"[('Armydesert', 4)]",98,112,46.666666666666664,False
Wolf,"[('Armygreen', 4)]",137,95,59.05172413793104,False
Wolf,"[('Bamboo', 4)]",118,105,52.91479820627802,False
Wolf,"[('Cloud', 4)]",111,116,48.89867841409692,False
Wolf,"[('Cosmic', 4)]",104,137,43.15352697095436,False
Wolf,"[('Dawn', 4)]",118,122,49.166666666666664,False
Wolf,"[('Flute', 4)]",111,119,48.26086956521739,False
Wolf,"[('Freight', 4)]",119,129,47.983870967741936,False
Wolf,"[('Grassland', 4)]",124,110,52.991452991452995,False
Wolf,"[('KangTao', 4)]",113,106,51.598173515981735,False
Wolf,"[('Liquidation', 4)]",102,114,47.22222222222222,False
Wolf,"[('Militech', 4)]",113,132,46.12244897959184,False
Wolf,"[('NUSA', 4)]",137,92,59.82532751091703,False
Wolf,"[('Newspaper', 4)]",111,89,55.50000000000001,False
Wolf,"[('OldRusty', 4)]",119,122,49.37759336099585,False
Wolf,"[('Purplestar', 4)]",94,113,45.410628019323674,False
Wolf,"[('Rainbow', 4)]",80,111,41.8848167539267,False
Wolf,"[('Rose', 4)]",84,121,40.97560975609756,False
Wolf,"[('Runic', 4)]",108,108,50.0,False
Wolf,"[('Snowflake', 4)]",103,135,43.27731092436975,False
Wolf,"[('Sovereign', 4)]",112,109,50.678733031674206,False
Wolf,"[('Tigris', 4)]",105,127,45.258620689655174,False
Wyatt,"[('1987', 4)]",114,125,47.69874476987448,False
Wyatt,"[('7891', 4)]",111,119,48.26086956521739,False
Wyatt,"[('Arasaka', 4)]",105,125,45.65217391304348,False
Wyatt,"[('Armydesert', 4)]",95,99,48.96907216494845,False
Wyatt,"[('Armygreen', 4)]",101,129,43.913043478260875,False
Wyatt,"[('Bamboo', 4)]",91,116,43.96135265700483,False
Wyatt,"[('Cloud', 4)]",96,129,42.66666666666667,False
Wyatt,"[('Cosmic', 4)]",102,122,45.535714285714285,False
Wyatt,"[('Dawn', 4)]",106,130,44.91525423728814,False
Wyatt,"[('Flute', 4)]",97,142,40.58577405857741,False
Wyatt,"[('Freight', 4)]",118,93,55.92417061611374,False
Wyatt,"[('Grassland', 4)]",119,115,50.85470085470085,False
Wyatt,"[('KangTao', 4)]",103,101,50.49019607843137,False
Wyatt,"[('Liquidation', 4)]",100,106,48.54368932038835,False
Wyatt,"[('Militech', 4)]",104,114,47.706422018348626,False
Wyatt,"[('NUSA', 4)]",102,93,52.307692307692314,False
Wyatt,"[('Newspaper', 4)]",87,133,39.54545454545455,False
Wyatt,"[('OldRusty', 4)]",104,111,48.372093023255815,False
Wyatt,"[('Purplestar', 4)]",116,116,50.0,False
Wyatt,"[('Rainbow', 4)]",80,124,39.21568627450981,False
Wyatt,"[('Rose', 4)]",100,109,47.84688995215311,False
Wyatt,"[('Runic', 4)]",104,126,45.21739130434783,False
Wyatt,"[('Snowflake', 4)]",115,132,46.558704453441294,False
Wyatt,"[('Sovereign', 4)]",97,101,48.98989898989899,False
Wyatt,"[('Tigris', 4)]",93,123,43.05555555555556,False
XunmuAL,"[('1987', 4)]",112,111,50.224215246636774,False
XunmuAL,"[('7891', 4)]",140,100,58.333333333333336,False
XunmuAL,"[('Arasaka', 4)]",109,117,48.23008849557522,False
XunmuAL,"[('Armydesert', 4)]",117,111,51.31578947368421,False
XunmuAL,"[('Armygreen', 4)]",116,91,56.038647342995176,False
XunmuAL,"[('Bamboo', 4)]",144,103,58.2995951417004,False
XunmuAL,"[('Cloud', 4)]",121,96,55.76036866359447,False
XunmuAL,"[('Cosmic', 4)]",129,85,60.280373831775705,False
XunmuAL,"[('Dawn', 4)]",128,95,57.399103139013455,False
XunmuAL,"[('Flute', 4)]",123,84,59.42028985507246,False
XunmuAL,"[('Freight', 4)]",125,105,54.347826086956516,False
XunmuAL,"[('Grassland', 4)]",139,118,54.08560311284047,False
XunmuAL,"[('KangTao', 4)]",127,108,54.04255319148936,False
XunmuAL,"[('Liquidation', 4)]",137,95,59.05172413793104,False
XunmuAL,"[('Militech', 4)]",127,104,54.97835497835498,False
XunmuAL,"[('NUSA', 4)]",132,107,55.23012552301255,False
XunmuAL,"[('Newspaper', 4)]",133,108,55.18672199170125,False
XunmuAL,"[('OldRusty', 4)]",126,101,55.50660792951542,False
XunmuAL,"[('Purplestar', 4)]",114,93,55.072463768115945,False
XunmuAL,"[('Rainbow', 4)]",114,88,56.43564356435643,False
XunmuAL,"[('Rose', 4)]",134,92,59.29203539823009,False
XunmuAL,"[('Runic', 4)]",114,95,54.54545454545454,False
XunmuAL,"[('Snowflake', 4)]",131,107,55.04201680672269,False
XunmuAL,"[('Sovereign', 4)]",120,103,53.81165919282511,False
XunmuAL,"[('Tigris', 4)]",135,104,56.48535564853556,False
Xunmu,"[('1987', 4)]",114,92,55.33980582524271,False
Xunmu,"[('7891', 4)]",129,96,57.333333333333336,False
Xunmu,"[('Arasaka', 4)]",102,91,52.84974093264248,False
Xunmu,"[('Armydesert', 4)]",132,104,55.932203389830505,False
Xunmu,"[('Armygreen', 4)]",101,105,49.029126213592235,False
Xunmu,"[('Bamboo', 4)]",111,94,54.146341463414636,False
Xunmu,"[('Cloud', 4)]",114,124,47.89915966386555,False
Xunmu,"[('Cosmic', 4)]",101,80,55.80110497237569,False
Xunmu,"[('Dawn', 4)]",107,108,49.76744186046512,False
Xunmu,"[('Flute', 4)]",120,108,52.63157894736842,False
Xunmu,"[('Freight', 4)]",112,103,52.093023255813954,False
Xunmu,"[('Grassland', 4)]",130,108,54.621848739495796,False
Xunmu,"[('KangTao', 4)]",126,103,55.021834061135365,False
Xunmu,"[('Liquidation', 4)]",135,106,56.016597510373444,False
Xunmu,"[('Militech', 4)]",119,113,51.293103448275865,False
Xunmu,"[('NUSA', 4)]",123,83,59.70873786407766,False
Xunmu,"[('Newspaper', 4)]",117,106,52.46636771300448,False
Xunmu,"[('OldRusty', 4)]",110,98,52.88461538461539,False
Xunmu,"[('Purplestar', 4)]",129,93,58.108108108108105,False
Xunmu,"[('Rainbow', 4)]",118,96,55.140186915887845,False
Xunmu,"[('Rose', 4)]",117,111,51.31578947368421,False
Xunmu,"[('Runic', 4)]",122,99,55.203619909502265,False
Xunmu,"[('Snowflake', 4)]",113,112,50.22222222222222,False
Xunmu,"[('Sovereign', 4)]",85,90,48.57142857142857,False
Xunmu,"[('Tigris', 4)]",100,125,44.44444444444444,False
Xunyu,"[('1987', 4)]",136,91,59.91189427312775,False
Xunyu,"[('7891', 4)]",136,89,60.44444444444444,False
Xunyu,"[('Arasaka', 4)]",116,73,61.37566137566137,False
Xunyu,"[('Armydesert', 4)]",125,98,56.05381165919282,False
Xunyu,"[('Armygreen', 4)]",113,89,55.940594059405946,False
Xunyu,"[('Bamboo', 4)]",119,108,52.42290748898678,False
Xunyu,"[('Cloud', 4)]",145,89,61.965811965811966,False
Xunyu,"[('Cosmic', 4)]",128,98,56.63716814159292,False
Xunyu,"[('Dawn', 4)]",143,98,59.33609958506224,False
Xunyu,"[('Flute', 4)]",129,101,56.086956521739125,False
Xunyu,"[('Freight', 4)]",128,87,59.53488372093023,False
Xunyu,"[('Grassland', 4)]",123,86,58.85167464114832,False
Xunyu,"[('KangTao', 4)]",118,77,60.51282051282051,False
Xunyu,"[('Liquidation', 4)]",138,82,62.727272727272734,False
Xunyu,"[('Militech', 4)]",134,112,54.47154471544715,False
Xunyu,"[('NUSA', 4)]",124,96,56.36363636363636,False
Xunyu,"[('Newspaper', 4)]",131,117,52.82258064516129,False
Xunyu,"[('OldRusty', 4)]",133,87,60.45454545454545,False
Xunyu,"[('Purplestar', 4)]",125,102,55.06607929515418,False
Xunyu,"[('Rainbow', 4)]",107,90,54.314720812182735,False
Xunyu,"[('Rose', 4)]",131,118,52.610441767068274,False
Xunyu,"[('Runic', 4)]",117,101,53.669724770642205,False
Xunyu,"[('Snowflake', 4)]",101,72,58.38150289017341,False
Xunyu,"[('Sovereign', 4)]",119,104,53.36322869955157,False
Xunyu,"[('Tigris', 4)]",102,115,47.004608294930875,False
Yuri,"[('1987', 4)]",138,88,61.06194690265486,False
Yuri,"[('7891', 4)]",110,103,51.64319248826291,False
Yuri,"[('Arasaka', 4)]",125,95,56.81818181818182,False
Yuri,"[('Armydesert', 4)]",128,84,60.37735849056604,False
Yuri,"[('Armygreen', 4)]",130,85,60.46511627906976,False
Yuri,"[('Bamboo', 4)]",130,121,51.79282868525896,False
Yuri,"[('Cloud', 4)]",147,84,63.63636363636363,False
Yuri,"[('Cosmic', 4)]",128,110,53.78151260504202,False
Yuri,"[('Dawn', 4)]",132,96,57.89473684210527,False
Yuri,"[('Flute', 4)]",119,105,53.125,False
Yuri,"[('Freight', 4)]",118,88,57.28155339805825,False
Yuri,"[('Grassland', 4)]",114,111,50.66666666666667,False
Yuri,"[('KangTao', 4)]",122,122,50.0,False
Yuri,"[('Liquidation', 4)]",152,92,62.295081967213115,False
Yuri,"[('Militech', 4)]",124,99,55.60538116591929,False
Yuri,"[('NUSA', 4)]",130,89,59.3607305936073,False
Yuri,"[('Newspaper', 4)]",123,102,54.666666666666664,False
Yuri,"[('OldRusty', 4)]",127,87,59.345794392523366,False
Yuri,"[('Purplestar', 4)]",117,118,49.787234042553195,False
Yuri,"[('Rainbow', 4)]",118,116,50.427350427350426,False
Yuri,"[('Rose', 4)]",109,98,52.65700483091788,False
Yuri,"[('Runic', 4)]",134,105,56.06694560669456,False
Yuri,"[('Snowflake', 4)]",132,112,54.09836065573771,False
Yuri,"[('Sovereign', 4)]",126,109,53.61702127659574,False
Yuri,"[('Tigris', 4)]",104,121,46.22222222222222,False
ZedAN,"[('1987', 4)]",103,128,44.58874458874459,False
ZedAN,"[('7891', 4)]",116,91,56.038647342995176,False
ZedAN,"[('Arasaka', 4)]",101,120,45.70135746606335,False
ZedAN,"[('Armydesert', 4)]",120,127,48.582995951417004,False
ZedAN,"[('Armygreen', 4)]",101,112,47.417840375586856,False
ZedAN,"[('Bamboo', 4)]",114,104,52.293577981651374,False
ZedAN,"[('Cloud', 4)]",94,124,43.11926605504588,False
ZedAN,"[('Cosmic', 4)]",104,107,49.28909952606635,False
ZedAN,"[('Dawn', 4)]",116,123,48.53556485355649,False
ZedAN,"[('Flute', 4)]",97,95,50.520833333333336,False
ZedAN,"[('Freight', 4)]",107,127,45.72649572649573,False
ZedAN,"[('Grassland', 4)]",112,100,52.83018867924528,False
ZedAN,"[('KangTao', 4)]",123,103,54.424778761061944,False
ZedAN,"[('Liquidation', 4)]",129,114,53.086419753086425,False
ZedAN,"[('Militech', 4)]",105,133,44.11764705882353,False
ZedAN,"[('NUSA', 4)]",124,85,59.33014354066985,False
ZedAN,"[('Newspaper', 4)]",113,116,49.34497816593886,False
ZedAN,"[('OldRusty', 4)]",120,105,53.333333333333336,False
ZedAN,"[('Purplestar', 4)]",111,121,47.8448275862069,False
ZedAN,"[('Rainbow', 4)]",109,114,48.87892376681614,False
ZedAN,"[('Rose', 4)]",105,126,45.45454545454545,False
ZedAN,"[('Runic', 4)]",96,98,49.48453608247423,False
ZedAN,"[('Snowflake', 4)]",99,94,51.29533678756477,False
ZedAN,"[('Sovereign', 4)]",121,101,54.5045045045045,False
ZedAN,"[('Tigris', 4)]",112,116,49.122807017543856,False
Zed,"[('1987', 4)]",110,132,45.45454545454545,False
Zed,"[('7891', 4)]",119,109,52.19298245614035,False
Zed,"[('Arasaka', 4)]",103,119,46.3963963963964,False
Zed,"[('Armydesert', 4)]",108,101,51.674641148325364,False
Zed,"[('Armygreen', 4)]",106,102,50.96153846153846,False
Zed,"[('Bamboo', 4)]",98,117,45.58139534883721,False
Zed,"[('Cloud', 4)]",112,123,47.65957446808511,False
Zed,"[('Cosmic', 4)]",107,129,45.33898305084746,False
Zed,"[('Dawn', 4)]",111,116,48.89867841409692,False
Zed,"[('Flute', 4)]",108,111,49.31506849315068,False
Zed,"[('Freight', 4)]",115,130,46.93877551020408,False
Zed,"[('Grassland', 4)]",120,116,50.847457627118644,False
Zed,"[('KangTao', 4)]",107,119,47.34513274336283,False
Zed,"[('Liquidation', 4)]",120,119,50.2092050209205,False
Zed,"[('Militech', 4)]",137,90,60.352422907488986,False
Zed,"[('NUSA', 4)]",100,100,50.0,False
Zed,"[('Newspaper', 4)]",114,111,50.66666666666667,False
Zed,"[('OldRusty', 4)]",117,109,51.76991150442478,False
Zed,"[('Purplestar', 4)]",104,111,48.372093023255815,False
Zed,"[('Rainbow', 4)]",98,121,44.74885844748858,False
Zed,"[('Rose', 4)]",109,133,45.04132231404959,False
Zed,"[('Runic', 4)]",111,90,55.223880597014926,False
Zed,"[('Snowflake', 4)]",107,105,50.47169811320755,False
Zed,"[('Sovereign', 4)]",130,106,55.08474576271186,False
Zed,"[('Tigris', 4)]",103,111,48.13084112149533,False
ZhenAL,"[('1987', 4)]",136,98,58.119658119658126,False
ZhenAL,"[('7891', 4)]",126,108,53.84615384615385,False
ZhenAL,"[('Arasaka', 4)]",125,113,52.52100840336135,False
ZhenAL,"[('Armydesert', 4)]",114,108,51.35135135135135,False
ZhenAL,"[('Armygreen', 4)]",124,91,57.674418604651166,False
ZhenAL,"[('Bamboo', 4)]",123,102,54.666666666666664,False
ZhenAL,"[('Cloud', 4)]",110,98,52.88461538461539,False
ZhenAL,"[('Cosmic', 4)]",118,80,59.59595959595959,False
ZhenAL,"[('Dawn', 4)]",128,112,53.333333333333336,False
ZhenAL,"[('Flute', 4)]",123,116,51.46443514644351,False
ZhenAL,"[('Freight', 4)]",106,114,48.18181818181818,False
ZhenAL,"[('Grassland', 4)]",121,109,52.60869565217391,False
ZhenAL,"[('KangTao', 4)]",118,87,57.56097560975609,False
ZhenAL,"[('Liquidation', 4)]",131,104,55.74468085106383,False
ZhenAL,"[('Militech', 4)]",107,103,50.95238095238095,False
ZhenAL,"[('NUSA', 4)]",148,75,66.3677130044843,False
ZhenAL,"[('Newspaper', 4)]",124,104,54.385964912280706,False
ZhenAL,"[('OldRusty', 4)]",128,121,51.40562248995983,False
ZhenAL,"[('Purplestar', 4)]",129,104,55.36480686695279,False
ZhenAL,"[('Rainbow', 4)]",123,98,55.65610859728507,False
ZhenAL,"[('Rose', 4)]",122,100,54.95495495495496,False
ZhenAL,"[('Runic', 4)]",132,105,55.69620253164557,False
ZhenAL,"[('Snowflake', 4)]",123,102,54.666666666666664,False
ZhenAL,"[('Sovereign', 4)]",122,105,53.74449339207048,False
ZhenAL,"[('Tigris', 4)]",126,93,57.534246575342465,False
Zhen,"[('1987', 4)]",114,113,50.22026431718062,False
Zhen,"[('7891', 4)]",116,107,52.01793721973094,False
Zhen,"[('Arasaka', 4)]",108,116,48.214285714285715,False
Zhen,"[('Armydesert', 4)]",123,135,47.674418604651166,False
Zhen,"[('Armygreen', 4)]",116,116,50.0,False
Zhen,"[('Bamboo', 4)]",111,109,50.45454545454545,False
Zhen,"[('Cloud', 4)]",95,120,44.18604651162791,False
Zhen,"[('Cosmic', 4)]",109,111,49.54545454545455,False
Zhen,"[('Dawn', 4)]",129,114,53.086419753086425,False
Zhen,"[('Flute', 4)]",114,123,48.10126582278481,False
Zhen,"[('Freight', 4)]",103,93,52.55102040816326,False
Zhen,"[('Grassland', 4)]",115,99,53.73831775700935,False
Zhen,"[('KangTao', 4)]",121,125,49.1869918699187,False
Zhen,"[('Liquidation', 4)]",121,93,56.54205607476636,False
Zhen,"[('Militech', 4)]",115,128,47.325102880658434,False
Zhen,"[('NUSA', 4)]",111,105,51.388888888888886,False
Zhen,"[('Newspaper', 4)]",133,116,53.41365461847389,False
Zhen,"[('OldRusty', 4)]",118,106,52.67857142857143,False
Zhen,"[('Purplestar', 4)]",112,115,49.33920704845815,False
Zhen,"[('Rainbow', 4)]",94,104,47.474747474747474,False
Zhen,"[('Rose', 4)]",94,116,44.761904761904766,False
Zhen,"[('Runic', 4)]",110,113,49.327354260089685,False
Zhen,"[('Snowflake', 4)]",107,130,45.14767932489451,False
Zhen,"[('Sovereign', 4)]",101,110,47.867298578199055,False
Zhen,"[('Tigris', 4)]",107,128,45.53191489361702,False
Zyl,"[('1987', 4)]",96,122,44.03669724770643,False
Zyl,"[('7891', 4)]",124,94,56.88073394495413,False
Zyl,"[('Arasaka', 4)]",115,135,46.0,False
Zyl,"[('Armydesert', 4)]",104,119,46.63677130044843,False
Zyl,"[('Armygreen', 4)]",101,118,46.118721461187214,False
Zyl,"[('Bamboo', 4)]",106,121,46.69603524229075,False
Zyl,"[('Cloud', 4)]",94,126,42.72727272727273,False
Zyl,"[('Cosmic', 4)]",85,108,44.04145077720207,False
Zyl,"[('Dawn', 4)]",103,117,46.81818181818182,False
Zyl,"[('Flute', 4)]",100,130,43.47826086956522,False
Zyl,"[('Freight', 4)]",97,112,46.411483253588514,False
Zyl,"[('Grassland', 4)]",96,122,44.03669724770643,False
Zyl,"[('KangTao', 4)]",89,100,47.08994708994709,False
Zyl,"[('Liquidation', 4)]",96,106,47.524752475247524,False
Zyl,"[('Militech', 4)]",100,143,41.1522633744856,False
Zyl,"[('NUSA', 4)]",108,107,50.23255813953489,False
Zyl,"[('Newspaper', 4)]",110,126,46.61016949152542,False
Zyl,"[('OldRusty', 4)]",82,116,41.41414141414141,False
Zyl,"[('Purplestar', 4)]",124,104,54.385964912280706,False
Zyl,"[('Rainbow', 4)]",100,138,42.016806722689076,False
Zyl,"[('Rose', 4)]",105,123,46.05263157894737,False
Zyl,"[('Runic', 4)]",102,106,49.03846153846153,False
Zyl,"[('Snowflake', 4)]",115,133,46.37096774193548,False
Zyl,"[('Sovereign', 4)]",98,118,45.370370370370374,False
Zyl,"[('Tigris', 4)]",87,145,37.5,False
